Workbook
Name Slicer_部門: #N/A
Name Slicer_部門1: #N/A
Name Slicer_部門2: #N/A
Name Slicer_部門3: #N/A
Name Slicer_部門4: #N/A
Name Slicer_等級2: #N/A
Name Slicer_等級21: #N/A
Name Slicer_等級22: #N/A
Name Slicer_等級23: #N/A
Name Slicer_等級24: #N/A

Sheet 等級分配表
A3: 計數 - 等級 | B3: 欄標籤
A4: 列標籤 | B4: B | C4: C | D4: D | E4: E | F4: 總計
A5: 加工組 | B5: 6 | C5: 9 | D5: 7 | E5: 8 | F5: 30
A6: 沖床組 | C6: 5 | D6: 1 | F6: 6
A7: 品保課 | B7: 1 | C7: 2 | D7: 1 | F7: 4
A8: 研發課 | B8: 2 | C8: 2 | E8: 1 | F8: 5
A9: 財務部 | B9: 2 | C9: 2 | E9: 1 | F9: 5
A10: 組一組 | B10: 1 | C10: 8 | D10: 3 | E10: 1 | F10: 13
A11: 組二組 | B11: 2 | C11: 3 | D11: 5 | E11: 3 | F11: 13
A12: 組三組 | B12: 3 | C12: 4 | D12: 1 | E12: 4 | F12: 12
A13: 塗裝組 | B13: 2 | C13: 8 | D13: 7 | E13: 3 | F13: 20
A14: 業務課 | B14: 1 | C14: 2 | F14: 3
A15: 資材課 | B15: 4 | C15: 7 | D15: 4 | F15: 15
A16: 製造課 | B16: 2 | C16: 1 | F16: 3
A17: 廠務部 | B17: 1 | C17: 1 | F17: 2
A18: 營業部 | C18: 1 | F18: 1
A19: 總務課 | C19: 2 | D19: 3 | E19: 1 | F19: 6
A20: 總經理室 | B20: 1 | F20: 1
A21: 總計 | B21: 28 | C21: 57 | D21: 32 | E21: 22 | F21: 139
D22: 超標 | F22: 超標
H24: A | I24: =145*5% -> 7.25
H25: B | I25: =145*20% -> 29 | K25: =I24+I25 -> 36.25
H26: C | I26: =145*40% -> 58
H27: D | I27: =145*30% -> 43.5
H28: E | I28: =145*5% -> 7.25

Sheet 名次排序
A1: 名次 | B1: 姓名 | C1: 部門 | D1: 晉升 | E1: 不 | G1: 名次 | H1: 姓名 | I1: 部門 | J1: 晉升 | K1: 包
A2: {=IFERROR( SMALL(員工資料!$I$2:$I$999, ROW(A1)), "")} | B2: {=IFERROR( INDEX(員工資料!$C$2:$C$999, SMALL( IF(員工資料!$I$2:$I$999=$A2, ROW(員工資料!$I$2:$I$999)-ROW(員工資料!$I$2)+1 ), COUNTIF($A$2:$A2,$A2) ) ), "")} | C2: {=IFERROR( INDEX(員工資料!$D$2:$D$999, SMALL( IF(員工資料!$I$2:$I$999=$A2, ROW(員工資料!$I$2:$I$999)-ROW(員工資料!$I$2)+1 ), COUNTIF($A$2:$A2,$A2) ) ), "")} | E2: 包 | G2: =IFERROR( SMALL(員工資料!$L$2:$L$999, ROW(G1)), "") | H2: {=IFERROR( INDEX(員工資料!$C$2:$C$999, SMALL( IF(員工資料!$L$2:$L$999=$G2, ROW(員工資料!$L$2:$L$999)-ROW(員工資料!$L$2)+1 ), COUNTIF($G$2:$G2,$G2) ) ), "")} | I2: {=IFERROR( INDEX(員工資料!$D$2:$D$999, SMALL( IF(員工資料!$L$2:$L$999=$G2, ROW(員工資料!$L$2:$L$999)-ROW(員工資料!$L$2)+1 ), COUNTIF($G$2:$G2,$G2) ) ), "")} | K2: 含
A3: {=IFERROR( SMALL(員工資料!$I$2:$I$999, ROW(A2)), "")} | B3: {=IFERROR( INDEX(員工資料!$C$2:$C$999, SMALL( IF(員工資料!$I$2:$I$999=$A3, ROW(員工資料!$I$2:$I$999)-ROW(員工資料!$I$2)+1 ), COUNTIF($A$2:$A3,$A3) ) ), "")} | C3: {=IFERROR( INDEX(員工資料!$D$2:$D$999, SMALL( IF(員工資料!$I$2:$I$999=$A3, ROW(員工資料!$I$2:$I$999)-ROW(員工資料!$I$2)+1 ), COUNTIF($A$2:$A3,$A3) ) ), "")} | E3: 含 | G3: =IFERROR( SMALL(員工資料!$L$2:$L$999, ROW(G2)), "") | H3: {=IFERROR( INDEX(員工資料!$C$2:$C$999, SMALL( IF(員工資料!$L$2:$L$999=$G3, ROW(員工資料!$L$2:$L$999)-ROW(員工資料!$L$2)+1 ), COUNTIF($G$2:$G3,$G3) ) ), "")} | I3: {=IFERROR( INDEX(員工資料!$D$2:$D$999, SMALL( IF(員工資料!$L$2:$L$999=$G3, ROW(員工資料!$L$2:$L$999)-ROW(員工資料!$L$2)+1 ), COUNTIF($G$2:$G3,$G3) ) ), "")} | K3: 獎
A4: {=IFERROR( SMALL(員工資料!$I$2:$I$999, ROW(A3)), "")} | B4: {=IFERROR( INDEX(員工資料!$C$2:$C$999, SMALL( IF(員工資料!$I$2:$I$999=$A4, ROW(員工資料!$I$2:$I$999)-ROW(員工資料!$I$2)+1 ), COUNTIF($A$2:$A4,$A4) ) ), "")} | C4: {=IFERROR( INDEX(員工資料!$D$2:$D$999, SMALL( IF(員工資料!$I$2:$I$999=$A4, ROW(員工資料!$I$2:$I$999)-ROW(員工資料!$I$2)+1 ), COUNTIF($A$2:$A4,$A4) ) ), "")} | E4: 獎 | G4: =IFERROR( SMALL(員工資料!$L$2:$L$999, ROW(G3)), "") | H4: {=IFERROR( INDEX(員工資料!$C$2:$C$999, SMALL( IF(員工資料!$L$2:$L$999=$G4, ROW(員工資料!$L$2:$L$999)-ROW(員工資料!$L$2)+1 ), COUNTIF($G$2:$G4,$G4) ) ), "")} | I4: {=IFERROR( INDEX(員工資料!$D$2:$D$999, SMALL( IF(員工資料!$L$2:$L$999=$G4, ROW(員工資料!$L$2:$L$999)-ROW(員工資料!$L$2)+1 ), COUNTIF($G$2:$G4,$G4) ) ), "")} | K4: 懲
A5: {=IFERROR( SMALL(員工資料!$I$2:$I$999, ROW(A4)), "")} | B5: {=IFERROR( INDEX(員工資料!$C$2:$C$999, SMALL( IF(員工資料!$I$2:$I$999=$A5, ROW(員工資料!$I$2:$I$999)-ROW(員工資料!$I$2)+1 ), COUNTIF($A$2:$A5,$A5) ) ), "")} | C5: {=IFERROR( INDEX(員工資料!$D$2:$D$999, SMALL( IF(員工資料!$I$2:$I$999=$A5, ROW(員工資料!$I$2:$I$999)-ROW(員工資料!$I$2)+1 ), COUNTIF($A$2:$A5,$A5) ) ), "")} | E5: 懲 | G5: =IFERROR( SMALL(員工資料!$L$2:$L$999, ROW(G4)), "") | H5: {=IFERROR( INDEX(員工資料!$C$2:$C$999, SMALL( IF(員工資料!$L$2:$L$999=$G5, ROW(員工資料!$L$2:$L$999)-ROW(員工資料!$L$2)+1 ), COUNTIF($G$2:$G5,$G5) ) ), "")} | I5: {=IFERROR( INDEX(員工資料!$D$2:$D$999, SMALL( IF(員工資料!$L$2:$L$999=$G5, ROW(員工資料!$L$2:$L$999)-ROW(員工資料!$L$2)+1 ), COUNTIF($G$2:$G5,$G5) ) ), "")} | K5: ←
A6: {=IFERROR( SMALL(員工資料!$I$2:$I$999, ROW(A5)), "")} | B6: {=IFERROR( INDEX(員工資料!$C$2:$C$999, SMALL( IF(員工資料!$I$2:$I$999=$A6, ROW(員工資料!$I$2:$I$999)-ROW(員工資料!$I$2)+1 ), COUNTIF($A$2:$A6,$A6) ) ), "")} | C6: {=IFERROR( INDEX(員工資料!$D$2:$D$999, SMALL( IF(員工資料!$I$2:$I$999=$A6, ROW(員工資料!$I$2:$I$999)-ROW(員工資料!$I$2)+1 ), COUNTIF($A$2:$A6,$A6) ) ), "")} | E6: ← | G6: =IFERROR( SMALL(員工資料!$L$2:$L$999, ROW(G5)), "") | H6: {=IFERROR( INDEX(員工資料!$C$2:$C$999, SMALL( IF(員工資料!$L$2:$L$999=$G6, ROW(員工資料!$L$2:$L$999)-ROW(員工資料!$L$2)+1 ), COUNTIF($G$2:$G6,$G6) ) ), "")} | I6: {=IFERROR( INDEX(員工資料!$D$2:$D$999, SMALL( IF(員工資料!$L$2:$L$999=$G6, ROW(員工資料!$L$2:$L$999)-ROW(員工資料!$L$2)+1 ), COUNTIF($G$2:$G6,$G6) ) ), "")}
A7: {=IFERROR( SMALL(員工資料!$I$2:$I$999, ROW(A6)), "")} | B7: {=IFERROR( INDEX(員工資料!$C$2:$C$999, SMALL( IF(員工資料!$I$2:$I$999=$A7, ROW(員工資料!$I$2:$I$999)-ROW(員工資料!$I$2)+1 ), COUNTIF($A$2:$A7,$A7) ) ), "")} | C7: {=IFERROR( INDEX(員工資料!$D$2:$D$999, SMALL( IF(員工資料!$I$2:$I$999=$A7, ROW(員工資料!$I$2:$I$999)-ROW(員工資料!$I$2)+1 ), COUNTIF($A$2:$A7,$A7) ) ), "")} | G7: =IFERROR( SMALL(員工資料!$L$2:$L$999, ROW(G6)), "") | H7: {=IFERROR( INDEX(員工資料!$C$2:$C$999, SMALL( IF(員工資料!$L$2:$L$999=$G7, ROW(員工資料!$L$2:$L$999)-ROW(員工資料!$L$2)+1 ), COUNTIF($G$2:$G7,$G7) ) ), "")} | I7: {=IFERROR( INDEX(員工資料!$D$2:$D$999, SMALL( IF(員工資料!$L$2:$L$999=$G7, ROW(員工資料!$L$2:$L$999)-ROW(員工資料!$L$2)+1 ), COUNTIF($G$2:$G7,$G7) ) ), "")}
A8: {=IFERROR( SMALL(員工資料!$I$2:$I$999, ROW(A7)), "")} | B8: {=IFERROR( INDEX(員工資料!$C$2:$C$999, SMALL( IF(員工資料!$I$2:$I$999=$A8, ROW(員工資料!$I$2:$I$999)-ROW(員工資料!$I$2)+1 ), COUNTIF($A$2:$A8,$A8) ) ), "")} | C8: {=IFERROR( INDEX(員工資料!$D$2:$D$999, SMALL( IF(員工資料!$I$2:$I$999=$A8, ROW(員工資料!$I$2:$I$999)-ROW(員工資料!$I$2)+1 ), COUNTIF($A$2:$A8,$A8) ) ), "")} | G8: =IFERROR( SMALL(員工資料!$L$2:$L$999, ROW(G7)), "") | H8: {=IFERROR( INDEX(員工資料!$C$2:$C$999, SMALL( IF(員工資料!$L$2:$L$999=$G8, ROW(員工資料!$L$2:$L$999)-ROW(員工資料!$L$2)+1 ), COUNTIF($G$2:$G8,$G8) ) ), "")} | I8: {=IFERROR( INDEX(員工資料!$D$2:$D$999, SMALL( IF(員工資料!$L$2:$L$999=$G8, ROW(員工資料!$L$2:$L$999)-ROW(員工資料!$L$2)+1 ), COUNTIF($G$2:$G8,$G8) ) ), "")}
A9: {=IFERROR( SMALL(員工資料!$I$2:$I$999, ROW(A8)), "")} | B9: {=IFERROR( INDEX(員工資料!$C$2:$C$999, SMALL( IF(員工資料!$I$2:$I$999=$A9, ROW(員工資料!$I$2:$I$999)-ROW(員工資料!$I$2)+1 ), COUNTIF($A$2:$A9,$A9) ) ), "")} | C9: {=IFERROR( INDEX(員工資料!$D$2:$D$999, SMALL( IF(員工資料!$I$2:$I$999=$A9, ROW(員工資料!$I$2:$I$999)-ROW(員工資料!$I$2)+1 ), COUNTIF($A$2:$A9,$A9) ) ), "")} | G9: =IFERROR( SMALL(員工資料!$L$2:$L$999, ROW(G8)), "") | H9: {=IFERROR( INDEX(員工資料!$C$2:$C$999, SMALL( IF(員工資料!$L$2:$L$999=$G9, ROW(員工資料!$L$2:$L$999)-ROW(員工資料!$L$2)+1 ), COUNTIF($G$2:$G9,$G9) ) ), "")} | I9: {=IFERROR( INDEX(員工資料!$D$2:$D$999, SMALL( IF(員工資料!$L$2:$L$999=$G9, ROW(員工資料!$L$2:$L$999)-ROW(員工資料!$L$2)+1 ), COUNTIF($G$2:$G9,$G9) ) ), "")}
A10: {=IFERROR( SMALL(員工資料!$I$2:$I$999, ROW(A9)), "")} | B10: {=IFERROR( INDEX(員工資料!$C$2:$C$999, SMALL( IF(員工資料!$I$2:$I$999=$A10, ROW(員工資料!$I$2:$I$999)-ROW(員工資料!$I$2)+1 ), COUNTIF($A$2:$A10,$A10) ) ), "")} | C10: {=IFERROR( INDEX(員工資料!$D$2:$D$999, SMALL( IF(員工資料!$I$2:$I$999=$A10, ROW(員工資料!$I$2:$I$999)-ROW(員工資料!$I$2)+1 ), COUNTIF($A$2:$A10,$A10) ) ), "")} | G10: =IFERROR( SMALL(員工資料!$L$2:$L$999, ROW(G9)), "") | H10: {=IFERROR( INDEX(員工資料!$C$2:$C$999, SMALL( IF(員工資料!$L$2:$L$999=$G10, ROW(員工資料!$L$2:$L$999)-ROW(員工資料!$L$2)+1 ), COUNTIF($G$2:$G10,$G10) ) ), "")} | I10: {=IFERROR( INDEX(員工資料!$D$2:$D$999, SMALL( IF(員工資料!$L$2:$L$999=$G10, ROW(員工資料!$L$2:$L$999)-ROW(員工資料!$L$2)+1 ), COUNTIF($G$2:$G10,$G10) ) ), "")}
A11: {=IFERROR( SMALL(員工資料!$I$2:$I$999, ROW(A10)), "")} | B11: {=IFERROR( INDEX(員工資料!$C$2:$C$999, SMALL( IF(員工資料!$I$2:$I$999=$A11, ROW(員工資料!$I$2:$I$999)-ROW(員工資料!$I$2)+1 ), COUNTIF($A$2:$A11,$A11) ) ), "")} | C11: {=IFERROR( INDEX(員工資料!$D$2:$D$999, SMALL( IF(員工資料!$I$2:$I$999=$A11, ROW(員工資料!$I$2:$I$999)-ROW(員工資料!$I$2)+1 ), COUNTIF($A$2:$A11,$A11) ) ), "")} | G11: =IFERROR( SMALL(員工資料!$L$2:$L$999, ROW(G10)), "") | H11: {=IFERROR( INDEX(員工資料!$C$2:$C$999, SMALL( IF(員工資料!$L$2:$L$999=$G11, ROW(員工資料!$L$2:$L$999)-ROW(員工資料!$L$2)+1 ), COUNTIF($G$2:$G11,$G11) ) ), "")} | I11: {=IFERROR( INDEX(員工資料!$D$2:$D$999, SMALL( IF(員工資料!$L$2:$L$999=$G11, ROW(員工資料!$L$2:$L$999)-ROW(員工資料!$L$2)+1 ), COUNTIF($G$2:$G11,$G11) ) ), "")}
A12: {=IFERROR( SMALL(員工資料!$I$2:$I$999, ROW(A11)), "")} | B12: {=IFERROR( INDEX(員工資料!$C$2:$C$999, SMALL( IF(員工資料!$I$2:$I$999=$A12, ROW(員工資料!$I$2:$I$999)-ROW(員工資料!$I$2)+1 ), COUNTIF($A$2:$A12,$A12) ) ), "")} | C12: {=IFERROR( INDEX(員工資料!$D$2:$D$999, SMALL( IF(員工資料!$I$2:$I$999=$A12, ROW(員工資料!$I$2:$I$999)-ROW(員工資料!$I$2)+1 ), COUNTIF($A$2:$A12,$A12) ) ), "")} | G12: =IFERROR( SMALL(員工資料!$L$2:$L$999, ROW(G11)), "") | H12: {=IFERROR( INDEX(員工資料!$C$2:$C$999, SMALL( IF(員工資料!$L$2:$L$999=$G12, ROW(員工資料!$L$2:$L$999)-ROW(員工資料!$L$2)+1 ), COUNTIF($G$2:$G12,$G12) ) ), "")} | I12: {=IFERROR( INDEX(員工資料!$D$2:$D$999, SMALL( IF(員工資料!$L$2:$L$999=$G12, ROW(員工資料!$L$2:$L$999)-ROW(員工資料!$L$2)+1 ), COUNTIF($G$2:$G12,$G12) ) ), "")}
A13: {=IFERROR( SMALL(員工資料!$I$2:$I$999, ROW(A12)), "")} | B13: {=IFERROR( INDEX(員工資料!$C$2:$C$999, SMALL( IF(員工資料!$I$2:$I$999=$A13, ROW(員工資料!$I$2:$I$999)-ROW(員工資料!$I$2)+1 ), COUNTIF($A$2:$A13,$A13) ) ), "")} | C13: {=IFERROR( INDEX(員工資料!$D$2:$D$999, SMALL( IF(員工資料!$I$2:$I$999=$A13, ROW(員工資料!$I$2:$I$999)-ROW(員工資料!$I$2)+1 ), COUNTIF($A$2:$A13,$A13) ) ), "")} | G13: =IFERROR( SMALL(員工資料!$L$2:$L$999, ROW(G12)), "") | H13: {=IFERROR( INDEX(員工資料!$C$2:$C$999, SMALL( IF(員工資料!$L$2:$L$999=$G13, ROW(員工資料!$L$2:$L$999)-ROW(員工資料!$L$2)+1 ), COUNTIF($G$2:$G13,$G13) ) ), "")} | I13: {=IFERROR( INDEX(員工資料!$D$2:$D$999, SMALL( IF(員工資料!$L$2:$L$999=$G13, ROW(員工資料!$L$2:$L$999)-ROW(員工資料!$L$2)+1 ), COUNTIF($G$2:$G13,$G13) ) ), "")}
A14: {=IFERROR( SMALL(員工資料!$I$2:$I$999, ROW(A13)), "")} | B14: {=IFERROR( INDEX(員工資料!$C$2:$C$999, SMALL( IF(員工資料!$I$2:$I$999=$A14, ROW(員工資料!$I$2:$I$999)-ROW(員工資料!$I$2)+1 ), COUNTIF($A$2:$A14,$A14) ) ), "")} | C14: {=IFERROR( INDEX(員工資料!$D$2:$D$999, SMALL( IF(員工資料!$I$2:$I$999=$A14, ROW(員工資料!$I$2:$I$999)-ROW(員工資料!$I$2)+1 ), COUNTIF($A$2:$A14,$A14) ) ), "")} | G14: =IFERROR( SMALL(員工資料!$L$2:$L$999, ROW(G13)), "") | H14: {=IFERROR( INDEX(員工資料!$C$2:$C$999, SMALL( IF(員工資料!$L$2:$L$999=$G14, ROW(員工資料!$L$2:$L$999)-ROW(員工資料!$L$2)+1 ), COUNTIF($G$2:$G14,$G14) ) ), "")} | I14: {=IFERROR( INDEX(員工資料!$D$2:$D$999, SMALL( IF(員工資料!$L$2:$L$999=$G14, ROW(員工資料!$L$2:$L$999)-ROW(員工資料!$L$2)+1 ), COUNTIF($G$2:$G14,$G14) ) ), "")}
A15: {=IFERROR( SMALL(員工資料!$I$2:$I$999, ROW(A14)), "")} | B15: {=IFERROR( INDEX(員工資料!$C$2:$C$999, SMALL( IF(員工資料!$I$2:$I$999=$A15, ROW(員工資料!$I$2:$I$999)-ROW(員工資料!$I$2)+1 ), COUNTIF($A$2:$A15,$A15) ) ), "")} | C15: {=IFERROR( INDEX(員工資料!$D$2:$D$999, SMALL( IF(員工資料!$I$2:$I$999=$A15, ROW(員工資料!$I$2:$I$999)-ROW(員工資料!$I$2)+1 ), COUNTIF($A$2:$A15,$A15) ) ), "")} | G15: =IFERROR( SMALL(員工資料!$L$2:$L$999, ROW(G14)), "") | H15: {=IFERROR( INDEX(員工資料!$C$2:$C$999, SMALL( IF(員工資料!$L$2:$L$999=$G15, ROW(員工資料!$L$2:$L$999)-ROW(員工資料!$L$2)+1 ), COUNTIF($G$2:$G15,$G15) ) ), "")} | I15: {=IFERROR( INDEX(員工資料!$D$2:$D$999, SMALL( IF(員工資料!$L$2:$L$999=$G15, ROW(員工資料!$L$2:$L$999)-ROW(員工資料!$L$2)+1 ), COUNTIF($G$2:$G15,$G15) ) ), "")}
A16: {=IFERROR( SMALL(員工資料!$I$2:$I$999, ROW(A15)), "")} | B16: {=IFERROR( INDEX(員工資料!$C$2:$C$999, SMALL( IF(員工資料!$I$2:$I$999=$A16, ROW(員工資料!$I$2:$I$999)-ROW(員工資料!$I$2)+1 ), COUNTIF($A$2:$A16,$A16) ) ), "")} | C16: {=IFERROR( INDEX(員工資料!$D$2:$D$999, SMALL( IF(員工資料!$I$2:$I$999=$A16, ROW(員工資料!$I$2:$I$999)-ROW(員工資料!$I$2)+1 ), COUNTIF($A$2:$A16,$A16) ) ), "")} | G16: =IFERROR( SMALL(員工資料!$L$2:$L$999, ROW(G15)), "") | H16: {=IFERROR( INDEX(員工資料!$C$2:$C$999, SMALL( IF(員工資料!$L$2:$L$999=$G16, ROW(員工資料!$L$2:$L$999)-ROW(員工資料!$L$2)+1 ), COUNTIF($G$2:$G16,$G16) ) ), "")} | I16: {=IFERROR( INDEX(員工資料!$D$2:$D$999, SMALL( IF(員工資料!$L$2:$L$999=$G16, ROW(員工資料!$L$2:$L$999)-ROW(員工資料!$L$2)+1 ), COUNTIF($G$2:$G16,$G16) ) ), "")}
A17: {=IFERROR( SMALL(員工資料!$I$2:$I$999, ROW(A16)), "")} | B17: {=IFERROR( INDEX(員工資料!$C$2:$C$999, SMALL( IF(員工資料!$I$2:$I$999=$A17, ROW(員工資料!$I$2:$I$999)-ROW(員工資料!$I$2)+1 ), COUNTIF($A$2:$A17,$A17) ) ), "")} | C17: {=IFERROR( INDEX(員工資料!$D$2:$D$999, SMALL( IF(員工資料!$I$2:$I$999=$A17, ROW(員工資料!$I$2:$I$999)-ROW(員工資料!$I$2)+1 ), COUNTIF($A$2:$A17,$A17) ) ), "")} | G17: =IFERROR( SMALL(員工資料!$L$2:$L$999, ROW(G16)), "") | H17: {=IFERROR( INDEX(員工資料!$C$2:$C$999, SMALL( IF(員工資料!$L$2:$L$999=$G17, ROW(員工資料!$L$2:$L$999)-ROW(員工資料!$L$2)+1 ), COUNTIF($G$2:$G17,$G17) ) ), "")} | I17: {=IFERROR( INDEX(員工資料!$D$2:$D$999, SMALL( IF(員工資料!$L$2:$L$999=$G17, ROW(員工資料!$L$2:$L$999)-ROW(員工資料!$L$2)+1 ), COUNTIF($G$2:$G17,$G17) ) ), "")}
A18: {=IFERROR( SMALL(員工資料!$I$2:$I$999, ROW(A17)), "")} | B18: {=IFERROR( INDEX(員工資料!$C$2:$C$999, SMALL( IF(員工資料!$I$2:$I$999=$A18, ROW(員工資料!$I$2:$I$999)-ROW(員工資料!$I$2)+1 ), COUNTIF($A$2:$A18,$A18) ) ), "")} | C18: {=IFERROR( INDEX(員工資料!$D$2:$D$999, SMALL( IF(員工資料!$I$2:$I$999=$A18, ROW(員工資料!$I$2:$I$999)-ROW(員工資料!$I$2)+1 ), COUNTIF($A$2:$A18,$A18) ) ), "")} | G18: =IFERROR( SMALL(員工資料!$L$2:$L$999, ROW(G17)), "") | H18: {=IFERROR( INDEX(員工資料!$C$2:$C$999, SMALL( IF(員工資料!$L$2:$L$999=$G18, ROW(員工資料!$L$2:$L$999)-ROW(員工資料!$L$2)+1 ), COUNTIF($G$2:$G18,$G18) ) ), "")} | I18: {=IFERROR( INDEX(員工資料!$D$2:$D$999, SMALL( IF(員工資料!$L$2:$L$999=$G18, ROW(員工資料!$L$2:$L$999)-ROW(員工資料!$L$2)+1 ), COUNTIF($G$2:$G18,$G18) ) ), "")}
... A136: {=IFERROR( SMALL(員工資料!$I$2:$I$999, ROW(A135)), "")} | B136: {=IFERROR( INDEX(員工資料!$C$2:$C$999, SMALL( IF(員工資料!$I$2:$I$999=$A136, ROW(員工資料!$I$2:$I$999)-ROW(員工資料!$I$2)+1 ), COUNTIF($A$2:$A136,$A136) ) ), "")} | C136: {=IFERROR( INDEX(員工資料!$D$2:$D$999, SMALL( IF(員工資料!$I$2:$I$999=$A136, ROW(員工資料!$I$2:$I$999)-ROW(員工資料!$I$2)+1 ), COUNTIF($A$2:$A136,$A136) ) ), "")} | G136: =IFERROR( SMALL(員工資料!$L$2:$L$999, ROW(G135)), "") | H136: {=IFERROR( INDEX(員工資料!$C$2:$C$999, SMALL( IF(員工資料!$L$2:$L$999=$G136, ROW(員工資料!$L$2:$L$999)-ROW(員工資料!$L$2)+1 ), COUNTIF($G$2:$G136,$G136) ) ), "")} | I136: {=IFERROR( INDEX(員工資料!$D$2:$D$999, SMALL( IF(員工資料!$L$2:$L$999=$G136, ROW(員工資料!$L$2:$L$999)-ROW(員工資料!$L$2)+1 ), COUNTIF($G$2:$G136,$G136) ) ), "")}
A137: {=IFERROR( SMALL(員工資料!$I$2:$I$999, ROW(A136)), "")} | B137: {=IFERROR( INDEX(員工資料!$C$2:$C$999, SMALL( IF(員工資料!$I$2:$I$999=$A137, ROW(員工資料!$I$2:$I$999)-ROW(員工資料!$I$2)+1 ), COUNTIF($A$2:$A137,$A137) ) ), "")} | C137: {=IFERROR( INDEX(員工資料!$D$2:$D$999, SMALL( IF(員工資料!$I$2:$I$999=$A137, ROW(員工資料!$I$2:$I$999)-ROW(員工資料!$I$2)+1 ), COUNTIF($A$2:$A137,$A137) ) ), "")} | G137: =IFERROR( SMALL(員工資料!$L$2:$L$999, ROW(G136)), "")
A138: {=IFERROR( SMALL(員工資料!$I$2:$I$999, ROW(A137)), "")} | B138: {=IFERROR( INDEX(員工資料!$C$2:$C$999, SMALL( IF(員工資料!$I$2:$I$999=$A138, ROW(員工資料!$I$2:$I$999)-ROW(員工資料!$I$2)+1 ), COUNTIF($A$2:$A138,$A138) ) ), "")} | C138: {=IFERROR( INDEX(員工資料!$D$2:$D$999, SMALL( IF(員工資料!$I$2:$I$999=$A138, ROW(員工資料!$I$2:$I$999)-ROW(員工資料!$I$2)+1 ), COUNTIF($A$2:$A138,$A138) ) ), "")} | G138: =IFERROR( SMALL(員工資料!$L$2:$L$999, ROW(G137)), "")
A139: {=IFERROR( SMALL(員工資料!$I$2:$I$999, ROW(A138)), "")} | B139: {=IFERROR( INDEX(員工資料!$C$2:$C$999, SMALL( IF(員工資料!$I$2:$I$999=$A139, ROW(員工資料!$I$2:$I$999)-ROW(員工資料!$I$2)+1 ), COUNTIF($A$2:$A139,$A139) ) ), "")} | C139: {=IFERROR( INDEX(員工資料!$D$2:$D$999, SMALL( IF(員工資料!$I$2:$I$999=$A139, ROW(員工資料!$I$2:$I$999)-ROW(員工資料!$I$2)+1 ), COUNTIF($A$2:$A139,$A139) ) ), "")} | G139: =IFERROR( SMALL(員工資料!$L$2:$L$999, ROW(G138)), "")
A140: {=IFERROR( SMALL(員工資料!$I$2:$I$999, ROW(A139)), "")} | B140: {=IFERROR( INDEX(員工資料!$C$2:$C$999, SMALL( IF(員工資料!$I$2:$I$999=$A140, ROW(員工資料!$I$2:$I$999)-ROW(員工資料!$I$2)+1 ), COUNTIF($A$2:$A140,$A140) ) ), "")} | C140: {=IFERROR( INDEX(員工資料!$D$2:$D$999, SMALL( IF(員工資料!$I$2:$I$999=$A140, ROW(員工資料!$I$2:$I$999)-ROW(員工資料!$I$2)+1 ), COUNTIF($A$2:$A140,$A140) ) ), "")} | G140: =IFERROR( SMALL(員工資料!$L$2:$L$999, ROW(G139)), "")
A141: {=IFERROR( SMALL(員工資料!$I$2:$I$999, ROW(A140)), "")} | B141: {=IFERROR( INDEX(員工資料!$C$2:$C$999, SMALL( IF(員工資料!$I$2:$I$999=$A141, ROW(員工資料!$I$2:$I$999)-ROW(員工資料!$I$2)+1 ), COUNTIF($A$2:$A141,$A141) ) ), "")} | C141: {=IFERROR( INDEX(員工資料!$D$2:$D$999, SMALL( IF(員工資料!$I$2:$I$999=$A141, ROW(員工資料!$I$2:$I$999)-ROW(員工資料!$I$2)+1 ), COUNTIF($A$2:$A141,$A141) ) ), "")} | G141: =IFERROR( SMALL(員工資料!$L$2:$L$999, ROW(G140)), "")
A142: {=IFERROR( SMALL(員工資料!$I$2:$I$999, ROW(A141)), "")} | B142: {=IFERROR( INDEX(員工資料!$C$2:$C$999, SMALL( IF(員工資料!$I$2:$I$999=$A142, ROW(員工資料!$I$2:$I$999)-ROW(員工資料!$I$2)+1 ), COUNTIF($A$2:$A142,$A142) ) ), "")} | C142: {=IFERROR( INDEX(員工資料!$D$2:$D$999, SMALL( IF(員工資料!$I$2:$I$999=$A142, ROW(員工資料!$I$2:$I$999)-ROW(員工資料!$I$2)+1 ), COUNTIF($A$2:$A142,$A142) ) ), "")} | G142: =IFERROR( SMALL(員工資料!$L$2:$L$999, ROW(G141)), "")
A143: {=IFERROR( SMALL(員工資料!$I$2:$I$999, ROW(A142)), "")} | B143: {=IFERROR( INDEX(員工資料!$C$2:$C$999, SMALL( IF(員工資料!$I$2:$I$999=$A143, ROW(員工資料!$I$2:$I$999)-ROW(員工資料!$I$2)+1 ), COUNTIF($A$2:$A143,$A143) ) ), "")} | C143: {=IFERROR( INDEX(員工資料!$D$2:$D$999, SMALL( IF(員工資料!$I$2:$I$999=$A143, ROW(員工資料!$I$2:$I$999)-ROW(員工資料!$I$2)+1 ), COUNTIF($A$2:$A143,$A143) ) ), "")} | G143: =IFERROR( SMALL(員工資料!$L$2:$L$999, ROW(G142)), "")
A144: {=IFERROR( SMALL(員工資料!$I$2:$I$999, ROW(A143)), "")} | B144: {=IFERROR( INDEX(員工資料!$C$2:$C$999, SMALL( IF(員工資料!$I$2:$I$999=$A144, ROW(員工資料!$I$2:$I$999)-ROW(員工資料!$I$2)+1 ), COUNTIF($A$2:$A144,$A144) ) ), "")} | C144: {=IFERROR( INDEX(員工資料!$D$2:$D$999, SMALL( IF(員工資料!$I$2:$I$999=$A144, ROW(員工資料!$I$2:$I$999)-ROW(員工資料!$I$2)+1 ), COUNTIF($A$2:$A144,$A144) ) ), "")} | G144: =IFERROR( SMALL(員工資料!$L$2:$L$999, ROW(G143)), "")
A145: {=IFERROR( SMALL(員工資料!$I$2:$I$999, ROW(A144)), "")} | B145: {=IFERROR( INDEX(員工資料!$C$2:$C$999, SMALL( IF(員工資料!$I$2:$I$999=$A145, ROW(員工資料!$I$2:$I$999)-ROW(員工資料!$I$2)+1 ), COUNTIF($A$2:$A145,$A145) ) ), "")} | C145: {=IFERROR( INDEX(員工資料!$D$2:$D$999, SMALL( IF(員工資料!$I$2:$I$999=$A145, ROW(員工資料!$I$2:$I$999)-ROW(員工資料!$I$2)+1 ), COUNTIF($A$2:$A145,$A145) ) ), "")} | G145: =IFERROR( SMALL(員工資料!$L$2:$L$999, ROW(G144)), "")
A146: {=IFERROR( SMALL(員工資料!$I$2:$I$999, ROW(A145)), "")} | B146: {=IFERROR( INDEX(員工資料!$C$2:$C$999, SMALL( IF(員工資料!$I$2:$I$999=$A146, ROW(員工資料!$I$2:$I$999)-ROW(員工資料!$I$2)+1 ), COUNTIF($A$2:$A146,$A146) ) ), "")} | C146: {=IFERROR( INDEX(員工資料!$D$2:$D$999, SMALL( IF(員工資料!$I$2:$I$999=$A146, ROW(員工資料!$I$2:$I$999)-ROW(員工資料!$I$2)+1 ), COUNTIF($A$2:$A146,$A146) ) ), "")} | G146: =IFERROR( SMALL(員工資料!$L$2:$L$999, ROW(G145)), "")

Sheet 包含獎懲等級分配
A3: 計數 - 等級2 | B3: 欄標籤
A4: 列標籤 | B4: A | C4: B | D4: C | E4: D | F4: E | G4: (空白) | H4: 總計
A5: 加工組 | C5: 6 | D5: 9 | E5: 7 | F5: 2 | H5: 24
A6: 沖床組 | D6: 5 | E6: 1 | H6: 6
A7: 品保課 | C7: 1 | D7: 2 | E7: 1 | H7: 4
A8: 研發課 | C8: 2 | D8: 2 | H8: 4
A9: 財務部 | C9: 2 | D9: 2 | H9: 4
A10: 組一組 | C10: 1 | D10: 8 | E10: 3 | F10: 1 | H10: 13
A11: 組二組 | C11: 2 | D11: 3 | E11: 4 | H11: 9
A12: 組三組 | C12: 3 | D12: 4 | E12: 1 | F12: 3 | H12: 11
A13: 塗裝組 | C13: 2 | D13: 8 | E13: 7 | F13: 3 | H13: 20
A14: 業務課 | C14: 1 | D14: 2 | H14: 3
A15: 董事會
A16: 資材課 | C16: 4 | D16: 5 | E16: 6 | H16: 15
A17: 製造課 | C17: 2 | D17: 1 | H17: 3
A18: 廠務部 | C18: 1 | D18: 1 | H18: 2
A19: 營業部 | D19: 1 | H19: 1
A20: 總務課 | D20: 2 | E20: 3 | H20: 5
A21: 總經理室 | B21: 1 | H21: 1
A22: (空白)
A23: 總計 | B23: 1 | C23: 27 | D23: 55 | E23: 33 | F23: 9 | H23: 125

Sheet 員工資料
A1: 是否建立 | B1: 工號 | C1: 姓名 | D1: 部門 | E1: 職位 | F1: 直接主管 | G1: 不包含獎懲總分 | H1: 等級 | I1: 全公司排名 | J1: 加權後總分 | K1: 等級2 | L1: 全公司排名2 | M1: 部內分數/初評 | N1: 跨部門分數 | O1: 主管複評 | P1: 嘉獎 | Q1: 小功 | R1: 大功 | S1: 申誡 | T1: 小過 | U1: 大過 | V1: 獎懲分數 | W1: 加權後總分
C2: 鄭淑鐘 | D2: 業務課 | E2: 助理專員 | F2: 伍珈彣 | G2: =表格1[[#This Row],[加權後總分]]-表格1[[#This Row],[獎懲分數]] -> #DIV/0! | H2: =IF(表格1[[#This Row],[不包含獎懲總分]]>=90,"A", IF(表格1[[#This Row],[不包含獎懲總分]]>=80,"B", IF(表格1[[#This Row],[不包含獎懲總分]]>=70,"C", IF(表格1[[#This Row],[不包含獎懲總分]]>=60,"D","E")))) -> #DIV/0! | I2: =_xlfn.RANK.EQ(G2,$G$2:$G$146,0) -> #DIV/0! | J2: =IF( AND(M2<>"",N2<>"",O2<>""), M2*20% + N2*50% + O2*30%, IF( AND(M2<>"",N2="",O2=""), M2, IF( AND(M2="",N2<>"",O2=""), N2, IF( AND(M2="",N2="",O2<>""), O2, IF( AND(M2<>"",N2<>"",O2=""), M2/(20%+50%)*20% + N2/(20%+50%)*50%, IF( AND(M2<>"",N2="",O2<>""), M2/(20%+30%)*20% + O2/(20%+30%)*30%, IF( AND(M2="",N2<>"",O2<>""), N2/(50%+30%)*50% + O2/(50%+30%)*30%, "" ) ) ) ) ) ) ) -> #DIV/0! | K2: =IF(J2>=90,"A", IF(J2>=77,"B", IF(J2>=70,"C", IF(J2>=60,"D","E")))) -> #DIV/0! | L2: =_xlfn.RANK.EQ(J2,$J$2:$J$146,0) -> #DIV/0! | M2: =表格1_3[[#This Row],[部內平均]] -> #DIV/0! | N2: =表格1_3[[#This Row],[共評平均]] -> #DIV/0! | O2: =表格1_3[[#This Row],[複評平均]] -> #DIV/0! | W2: #DIV/0!
B3: 2856 | C3: 陳玉慧 | D3: 業務課 | E3: 業務助理 | F3: 伍珈彣 | G3: =表格1[[#This Row],[加權後總分]]-表格1[[#This Row],[獎懲分數]] -> #DIV/0! | H3: =IF(表格1[[#This Row],[不包含獎懲總分]]>=90,"A", IF(表格1[[#This Row],[不包含獎懲總分]]>=80,"B", IF(表格1[[#This Row],[不包含獎懲總分]]>=70,"C", IF(表格1[[#This Row],[不包含獎懲總分]]>=60,"D","E")))) -> #DIV/0! | I3: =_xlfn.RANK.EQ(G3,$G$2:$G$146,0) -> #DIV/0! | J3: =IF( AND(M3<>"",N3<>"",O3<>""), M3*20% + N3*50% + O3*30%, IF( AND(M3<>"",N3="",O3=""), M3, IF( AND(M3="",N3<>"",O3=""), N3, IF( AND(M3="",N3="",O3<>""), O3, IF( AND(M3<>"",N3<>"",O3=""), M3/(20%+50%)*20% + N3/(20%+50%)*50%, IF( AND(M3<>"",N3="",O3<>""), M3/(20%+30%)*20% + O3/(20%+30%)*30%, IF( AND(M3="",N3<>"",O3<>""), N3/(50%+30%)*50% + O3/(50%+30%)*30%, "" ) ) ) ) ) ) + V3 ) -> #DIV/0! | K3: =IF(J3>=90,"A", IF(J3>=77,"B", IF(J3>=70,"C", IF(J3>=60,"D","E")))) -> #DIV/0! | L3: =_xlfn.RANK.EQ(J3,$J$2:$J$146,0) -> #DIV/0! | M3: =表格1_3[[#This Row],[部內平均]] -> #DIV/0! | N3: =表格1_3[[#This Row],[共評平均]] -> #DIV/0! | O3: =表格1_3[[#This Row],[複評平均]] -> #DIV/0! | W3: 109.61905 | X3: 1
B4: 2223 | C4: 伍珈彣 | D4: 業務課 | E4: 組長 | F4: 鄭景文 | G4: =表格1[[#This Row],[加權後總分]]-表格1[[#This Row],[獎懲分數]] -> #DIV/0! | H4: =IF(表格1[[#This Row],[不包含獎懲總分]]>=90,"A", IF(表格1[[#This Row],[不包含獎懲總分]]>=80,"B", IF(表格1[[#This Row],[不包含獎懲總分]]>=70,"C", IF(表格1[[#This Row],[不包含獎懲總分]]>=60,"D","E")))) -> #DIV/0! | I4: =_xlfn.RANK.EQ(G4,$G$2:$G$146,0) -> #DIV/0! | J4: =IF( AND(M4<>"",N4<>"",O4<>""), M4*20% + N4*50% + O4*30%, IF( AND(M4<>"",N4="",O4=""), M4, IF( AND(M4="",N4<>"",O4=""), N4, IF( AND(M4="",N4="",O4<>""), O4, IF( AND(M4<>"",N4<>"",O4=""), M4/(20%+50%)*20% + N4/(20%+50%)*50%, IF( AND(M4<>"",N4="",O4<>""), M4/(20%+30%)*20% + O4/(20%+30%)*30%, IF( AND(M4="",N4<>"",O4<>""), N4/(50%+30%)*50% + O4/(50%+30%)*30%, "" ) ) ) ) ) ) + V4 ) -> #DIV/0! | K4: =IF(J4>=90,"A", IF(J4>=77,"B", IF(J4>=70,"C", IF(J4>=60,"D","E")))) -> #DIV/0! | L4: =_xlfn.RANK.EQ(J4,$J$2:$J$146,0) -> #DIV/0! | M4: =表格1_3[[#This Row],[部內平均]] -> #DIV/0! | N4: =表格1_3[[#This Row],[共評平均]] -> #DIV/0! | W4: 87.6 | X4: 2
B5: 1115 | C5: 賴慶燁 | D5: 塗裝組 | E5: 助理工程師 | F5: 郭惠燕 | G5: =表格1[[#This Row],[加權後總分]]-表格1[[#This Row],[獎懲分數]] -> #DIV/0! | H5: =IF(表格1[[#This Row],[不包含獎懲總分]]>=90,"A", IF(表格1[[#This Row],[不包含獎懲總分]]>=80,"B", IF(表格1[[#This Row],[不包含獎懲總分]]>=70,"C", IF(表格1[[#This Row],[不包含獎懲總分]]>=60,"D","E")))) -> #DIV/0! | I5: =_xlfn.RANK.EQ(G5,$G$2:$G$146,0) -> #DIV/0! | J5: =IF( AND(M5<>"",N5<>"",O5<>""), M5*20% + N5*50% + O5*30%, IF( AND(M5<>"",N5="",O5=""), M5, IF( AND(M5="",N5<>"",O5=""), N5, IF( AND(M5="",N5="",O5<>""), O5, IF( AND(M5<>"",N5<>"",O5=""), M5/(20%+50%)*20% + N5/(20%+50%)*50%, IF( AND(M5<>"",N5="",O5<>""), M5/(20%+30%)*20% + O5/(20%+30%)*30%, IF( AND(M5="",N5<>"",O5<>""), N5/(50%+30%)*50% + O5/(50%+30%)*30%, "" ) ) ) ) ) ) + V5 ) -> #DIV/0! | K5: =IF(J5>=90,"A", IF(J5>=77,"B", IF(J5>=70,"C", IF(J5>=60,"D","E")))) -> #DIV/0! | L5: =_xlfn.RANK.EQ(J5,$J$2:$J$146,0) -> #DIV/0! | M5: =表格1_3[[#This Row],[部內平均]] -> #DIV/0! | O5: =表格1_3[[#This Row],[複評平均]] -> #DIV/0! | W5: 87.2 | X5: 3
A6: 移工 | B6: 3024 | C6: 那彭 | D6: 塗裝組 | E6: 技術員 | F6: 郭惠燕 | G6: =表格1[[#This Row],[加權後總分]]-表格1[[#This Row],[獎懲分數]] -> #DIV/0! | H6: =IF(表格1[[#This Row],[不包含獎懲總分]]>=90,"A", IF(表格1[[#This Row],[不包含獎懲總分]]>=80,"B", IF(表格1[[#This Row],[不包含獎懲總分]]>=70,"C", IF(表格1[[#This Row],[不包含獎懲總分]]>=60,"D","E")))) -> #DIV/0! | I6: =_xlfn.RANK.EQ(G6,$G$2:$G$146,0) -> #DIV/0! | J6: =IF( AND(M6<>"",N6<>"",O6<>""), M6*20% + N6*50% + O6*30%, IF( AND(M6<>"",N6="",O6=""), M6, IF( AND(M6="",N6<>"",O6=""), N6, IF( AND(M6="",N6="",O6<>""), O6, IF( AND(M6<>"",N6<>"",O6=""), M6/(20%+50%)*20% + N6/(20%+50%)*50%, IF( AND(M6<>"",N6="",O6<>""), M6/(20%+30%)*20% + O6/(20%+30%)*30%, IF( AND(M6="",N6<>"",O6<>""), N6/(50%+30%)*50% + O6/(50%+30%)*30%, "" ) ) ) ) ) ) + V6 ) -> #DIV/0! | K6: =IF(J6>=90,"A", IF(J6>=77,"B", IF(J6>=70,"C", IF(J6>=60,"D","E")))) -> #DIV/0! | L6: =_xlfn.RANK.EQ(J6,$J$2:$J$146,0) -> #DIV/0! | M6: =表格1_3[[#This Row],[部內平均]] -> #DIV/0! | O6: =表格1_3[[#This Row],[複評平均]] -> #DIV/0! | W6: 86 | X6: 4
A7: 移工 | B7: 2928 | C7: 夏塔拉 | D7: 塗裝組 | E7: 技術員 | F7: 郭惠燕 | G7: =表格1[[#This Row],[加權後總分]]-表格1[[#This Row],[獎懲分數]] -> #DIV/0! | H7: =IF(表格1[[#This Row],[不包含獎懲總分]]>=90,"A", IF(表格1[[#This Row],[不包含獎懲總分]]>=80,"B", IF(表格1[[#This Row],[不包含獎懲總分]]>=70,"C", IF(表格1[[#This Row],[不包含獎懲總分]]>=60,"D","E")))) -> #DIV/0! | I7: =_xlfn.RANK.EQ(G7,$G$2:$G$146,0) -> #DIV/0! | J7: =IF( AND(M7<>"",N7<>"",O7<>""), M7*20% + N7*50% + O7*30%, IF( AND(M7<>"",N7="",O7=""), M7, IF( AND(M7="",N7<>"",O7=""), N7, IF( AND(M7="",N7="",O7<>""), O7, IF( AND(M7<>"",N7<>"",O7=""), M7/(20%+50%)*20% + N7/(20%+50%)*50%, IF( AND(M7<>"",N7="",O7<>""), M7/(20%+30%)*20% + O7/(20%+30%)*30%, IF( AND(M7="",N7<>"",O7<>""), N7/(50%+30%)*50% + O7/(50%+30%)*30%, "" ) ) ) ) ) ) + V7 ) -> #DIV/0! | K7: =IF(J7>=90,"A", IF(J7>=77,"B", IF(J7>=70,"C", IF(J7>=60,"D","E")))) -> #DIV/0! | L7: =_xlfn.RANK.EQ(J7,$J$2:$J$146,0) -> #DIV/0! | M7: =表格1_3[[#This Row],[部內平均]] -> #DIV/0! | O7: =表格1_3[[#This Row],[複評平均]] -> #DIV/0! | W7: 85.8 | X7: 5
A8: 移工 | B8: 2968 | C8: 馬立泥 | D8: 塗裝組 | E8: 技術員 | F8: 郭惠燕 | G8: =表格1[[#This Row],[加權後總分]]-表格1[[#This Row],[獎懲分數]] -> #DIV/0! | H8: =IF(表格1[[#This Row],[不包含獎懲總分]]>=90,"A", IF(表格1[[#This Row],[不包含獎懲總分]]>=80,"B", IF(表格1[[#This Row],[不包含獎懲總分]]>=70,"C", IF(表格1[[#This Row],[不包含獎懲總分]]>=60,"D","E")))) -> #DIV/0! | I8: =_xlfn.RANK.EQ(G8,$G$2:$G$146,0) -> #DIV/0! | J8: =IF( AND(M8<>"",N8<>"",O8<>""), M8*20% + N8*50% + O8*30%, IF( AND(M8<>"",N8="",O8=""), M8, IF( AND(M8="",N8<>"",O8=""), N8, IF( AND(M8="",N8="",O8<>""), O8, IF( AND(M8<>"",N8<>"",O8=""), M8/(20%+50%)*20% + N8/(20%+50%)*50%, IF( AND(M8<>"",N8="",O8<>""), M8/(20%+30%)*20% + O8/(20%+30%)*30%, IF( AND(M8="",N8<>"",O8<>""), N8/(50%+30%)*50% + O8/(50%+30%)*30%, "" ) ) ) ) ) ) + V8 ) -> #DIV/0! | K8: =IF(J8>=90,"A", IF(J8>=77,"B", IF(J8>=70,"C", IF(J8>=60,"D","E")))) -> #DIV/0! | L8: =_xlfn.RANK.EQ(J8,$J$2:$J$146,0) -> #DIV/0! | M8: =表格1_3[[#This Row],[部內平均]] -> #DIV/0! | O8: =表格1_3[[#This Row],[複評平均]] -> #DIV/0! | W8: 84.866667 | X8: 6
A9: 移工 | B9: 3002 | C9: 肅坦 | D9: 塗裝組 | E9: 技術員 | F9: 白惇維 | G9: =表格1[[#This Row],[加權後總分]]-表格1[[#This Row],[獎懲分數]] -> #DIV/0! | H9: =IF(表格1[[#This Row],[不包含獎懲總分]]>=90,"A", IF(表格1[[#This Row],[不包含獎懲總分]]>=80,"B", IF(表格1[[#This Row],[不包含獎懲總分]]>=70,"C", IF(表格1[[#This Row],[不包含獎懲總分]]>=60,"D","E")))) -> #DIV/0! | I9: =_xlfn.RANK.EQ(G9,$G$2:$G$146,0) -> #DIV/0! | J9: =IF( AND(M9<>"",N9<>"",O9<>""), M9*20% + N9*50% + O9*30%, IF( AND(M9<>"",N9="",O9=""), M9, IF( AND(M9="",N9<>"",O9=""), N9, IF( AND(M9="",N9="",O9<>""), O9, IF( AND(M9<>"",N9<>"",O9=""), M9/(20%+50%)*20% + N9/(20%+50%)*50%, IF( AND(M9<>"",N9="",O9<>""), M9/(20%+30%)*20% + O9/(20%+30%)*30%, IF( AND(M9="",N9<>"",O9<>""), N9/(50%+30%)*50% + O9/(50%+30%)*30%, "" ) ) ) ) ) ) + V9 ) -> #DIV/0! | K9: =IF(J9>=90,"A", IF(J9>=77,"B", IF(J9>=70,"C", IF(J9>=60,"D","E")))) -> #DIV/0! | L9: =_xlfn.RANK.EQ(J9,$J$2:$J$146,0) -> #DIV/0! | M9: =表格1_3[[#This Row],[部內平均]] -> #DIV/0! | O9: =表格1_3[[#This Row],[複評平均]] -> #DIV/0! | W9: 84.8 | X9: 7
A10: 移工 | B10: 3003 | C10: 百翔 | D10: 塗裝組 | E10: 技術員 | F10: 白惇維 | G10: =表格1[[#This Row],[加權後總分]]-表格1[[#This Row],[獎懲分數]] -> #DIV/0! | H10: =IF(表格1[[#This Row],[不包含獎懲總分]]>=90,"A", IF(表格1[[#This Row],[不包含獎懲總分]]>=80,"B", IF(表格1[[#This Row],[不包含獎懲總分]]>=70,"C", IF(表格1[[#This Row],[不包含獎懲總分]]>=60,"D","E")))) -> #DIV/0! | I10: =_xlfn.RANK.EQ(G10,$G$2:$G$146,0) -> #DIV/0! | J10: =IF( AND(M10<>"",N10<>"",O10<>""), M10*20% + N10*50% + O10*30%, IF( AND(M10<>"",N10="",O10=""), M10, IF( AND(M10="",N10<>"",O10=""), N10, IF( AND(M10="",N10="",O10<>""), O10, IF( AND(M10<>"",N10<>"",O10=""), M10/(20%+50%)*20% + N10/(20%+50%)*50%, IF( AND(M10<>"",N10="",O10<>""), M10/(20%+30%)*20% + O10/(20%+30%)*30%, IF( AND(M10="",N10<>"",O10<>""), N10/(50%+30%)*50% + O10/(50%+30%)*30%, "" ) ) ) ) ) ) + V10 ) -> #DIV/0! | K10: =IF(J10>=90,"A", IF(J10>=77,"B", IF(J10>=70,"C", IF(J10>=60,"D","E")))) -> #DIV/0! | L10: =_xlfn.RANK.EQ(J10,$J$2:$J$146,0) -> #DIV/0! | M10: =表格1_3[[#This Row],[部內平均]] -> #DIV/0! | O10: =表格1_3[[#This Row],[複評平均]] -> #DIV/0! | W10: 83.8 | X10: 8
A11: 移工 | B11: 3005 | C11: 隆峽 | D11: 塗裝組 | E11: 技術員 | F11: 郭惠燕 | G11: =表格1[[#This Row],[加權後總分]]-表格1[[#This Row],[獎懲分數]] -> #DIV/0! | H11: =IF(表格1[[#This Row],[不包含獎懲總分]]>=90,"A", IF(表格1[[#This Row],[不包含獎懲總分]]>=80,"B", IF(表格1[[#This Row],[不包含獎懲總分]]>=70,"C", IF(表格1[[#This Row],[不包含獎懲總分]]>=60,"D","E")))) -> #DIV/0! | I11: =_xlfn.RANK.EQ(G11,$G$2:$G$146,0) -> #DIV/0! | J11: =IF( AND(M11<>"",N11<>"",O11<>""), M11*20% + N11*50% + O11*30%, IF( AND(M11<>"",N11="",O11=""), M11, IF( AND(M11="",N11<>"",O11=""), N11, IF( AND(M11="",N11="",O11<>""), O11, IF( AND(M11<>"",N11<>"",O11=""), M11/(20%+50%)*20% + N11/(20%+50%)*50%, IF( AND(M11<>"",N11="",O11<>""), M11/(20%+30%)*20% + O11/(20%+30%)*30%, IF( AND(M11="",N11<>"",O11<>""), N11/(50%+30%)*50% + O11/(50%+30%)*30%, "" ) ) ) ) ) ) + V11 ) -> #DIV/0! | K11: =IF(J11>=90,"A", IF(J11>=77,"B", IF(J11>=70,"C", IF(J11>=60,"D","E")))) -> #DIV/0! | L11: =_xlfn.RANK.EQ(J11,$J$2:$J$146,0) -> #DIV/0! | M11: =表格1_3[[#This Row],[部內平均]] -> #DIV/0! | O11: =表格1_3[[#This Row],[複評平均]] -> #DIV/0! | W11: 83.8 | X11: 9
A12: 移工 | B12: 2873 | C12: 松沙 | D12: 塗裝組 | E12: 技術員 | F12: 郭惠燕 | G12: =表格1[[#This Row],[加權後總分]]-表格1[[#This Row],[獎懲分數]] -> #DIV/0! | H12: =IF(表格1[[#This Row],[不包含獎懲總分]]>=90,"A", IF(表格1[[#This Row],[不包含獎懲總分]]>=80,"B", IF(表格1[[#This Row],[不包含獎懲總分]]>=70,"C", IF(表格1[[#This Row],[不包含獎懲總分]]>=60,"D","E")))) -> #DIV/0! | I12: =_xlfn.RANK.EQ(G12,$G$2:$G$146,0) -> #DIV/0! | J12: =IF( AND(M12<>"",N12<>"",O12<>""), M12*20% + N12*50% + O12*30%, IF( AND(M12<>"",N12="",O12=""), M12, IF( AND(M12="",N12<>"",O12=""), N12, IF( AND(M12="",N12="",O12<>""), O12, IF( AND(M12<>"",N12<>"",O12=""), M12/(20%+50%)*20% + N12/(20%+50%)*50%, IF( AND(M12<>"",N12="",O12<>""), M12/(20%+30%)*20% + O12/(20%+30%)*30%, IF( AND(M12="",N12<>"",O12<>""), N12/(50%+30%)*50% + O12/(50%+30%)*30%, "" ) ) ) ) ) ) + V12 ) -> #DIV/0! | K12: =IF(J12>=90,"A", IF(J12>=77,"B", IF(J12>=70,"C", IF(J12>=60,"D","E")))) -> #DIV/0! | L12: =_xlfn.RANK.EQ(J12,$J$2:$J$146,0) -> #DIV/0! | M12: =表格1_3[[#This Row],[部內平均]] -> #DIV/0! | O12: =表格1_3[[#This Row],[複評平均]] -> #DIV/0! | W12: 83.6 | X12: 10
A13: 移工 | B13: 2869 | C13: 宇藍南 | D13: 塗裝組 | E13: 技術員 | F13: 周清家 | G13: =表格1[[#This Row],[加權後總分]]-表格1[[#This Row],[獎懲分數]] -> #DIV/0! | H13: =IF(表格1[[#This Row],[不包含獎懲總分]]>=90,"A", IF(表格1[[#This Row],[不包含獎懲總分]]>=80,"B", IF(表格1[[#This Row],[不包含獎懲總分]]>=70,"C", IF(表格1[[#This Row],[不包含獎懲總分]]>=60,"D","E")))) -> #DIV/0! | I13: =_xlfn.RANK.EQ(G13,$G$2:$G$146,0) -> #DIV/0! | J13: =IF( AND(M13<>"",N13<>"",O13<>""), M13*20% + N13*50% + O13*30%, IF( AND(M13<>"",N13="",O13=""), M13, IF( AND(M13="",N13<>"",O13=""), N13, IF( AND(M13="",N13="",O13<>""), O13, IF( AND(M13<>"",N13<>"",O13=""), M13/(20%+50%)*20% + N13/(20%+50%)*50%, IF( AND(M13<>"",N13="",O13<>""), M13/(20%+30%)*20% + O13/(20%+30%)*30%, IF( AND(M13="",N13<>"",O13<>""), N13/(50%+30%)*50% + O13/(50%+30%)*30%, "" ) ) ) ) ) ) + V13 ) -> #DIV/0! | K13: =IF(J13>=90,"A", IF(J13>=77,"B", IF(J13>=70,"C", IF(J13>=60,"D","E")))) -> #DIV/0! | L13: =_xlfn.RANK.EQ(J13,$J$2:$J$146,0) -> #DIV/0! | M13: =表格1_3[[#This Row],[部內平均]] -> #DIV/0! | O13: =表格1_3[[#This Row],[複評平均]] -> #DIV/0! | W13: 83.6 | X13: 11
A14: 移工 | B14: 2909 | C14: 南龍裡 | D14: 塗裝組 | E14: 技術員 | F14: 郭惠燕 | G14: =表格1[[#This Row],[加權後總分]]-表格1[[#This Row],[獎懲分數]] -> #DIV/0! | H14: =IF(表格1[[#This Row],[不包含獎懲總分]]>=90,"A", IF(表格1[[#This Row],[不包含獎懲總分]]>=80,"B", IF(表格1[[#This Row],[不包含獎懲總分]]>=70,"C", IF(表格1[[#This Row],[不包含獎懲總分]]>=60,"D","E")))) -> #DIV/0! | I14: =_xlfn.RANK.EQ(G14,$G$2:$G$146,0) -> #DIV/0! | J14: =IF( AND(M14<>"",N14<>"",O14<>""), M14*20% + N14*50% + O14*30%, IF( AND(M14<>"",N14="",O14=""), M14, IF( AND(M14="",N14<>"",O14=""), N14, IF( AND(M14="",N14="",O14<>""), O14, IF( AND(M14<>"",N14<>"",O14=""), M14/(20%+50%)*20% + N14/(20%+50%)*50%, IF( AND(M14<>"",N14="",O14<>""), M14/(20%+30%)*20% + O14/(20%+30%)*30%, IF( AND(M14="",N14<>"",O14<>""), N14/(50%+30%)*50% + O14/(50%+30%)*30%, "" ) ) ) ) ) ) + V14 ) -> #DIV/0! | K14: =IF(J14>=90,"A", IF(J14>=77,"B", IF(J14>=70,"C", IF(J14>=60,"D","E")))) -> #DIV/0! | L14: =_xlfn.RANK.EQ(J14,$J$2:$J$146,0) -> #DIV/0! | M14: =表格1_3[[#This Row],[部內平均]] -> #DIV/0! | O14: =表格1_3[[#This Row],[複評平均]] -> #DIV/0! | W14: 82.8 | X14: 12
A15: 移工 | B15: 2910 | C15: 南天鵬 | D15: 塗裝組 | E15: 技術員 | F15: 周清家 | G15: =表格1[[#This Row],[加權後總分]]-表格1[[#This Row],[獎懲分數]] -> #DIV/0! | H15: =IF(表格1[[#This Row],[不包含獎懲總分]]>=90,"A", IF(表格1[[#This Row],[不包含獎懲總分]]>=80,"B", IF(表格1[[#This Row],[不包含獎懲總分]]>=70,"C", IF(表格1[[#This Row],[不包含獎懲總分]]>=60,"D","E")))) -> #DIV/0! | I15: =_xlfn.RANK.EQ(G15,$G$2:$G$146,0) -> #DIV/0! | J15: =IF( AND(M15<>"",N15<>"",O15<>""), M15*20% + N15*50% + O15*30%, IF( AND(M15<>"",N15="",O15=""), M15, IF( AND(M15="",N15<>"",O15=""), N15, IF( AND(M15="",N15="",O15<>""), O15, IF( AND(M15<>"",N15<>"",O15=""), M15/(20%+50%)*20% + N15/(20%+50%)*50%, IF( AND(M15<>"",N15="",O15<>""), M15/(20%+30%)*20% + O15/(20%+30%)*30%, IF( AND(M15="",N15<>"",O15<>""), N15/(50%+30%)*50% + O15/(50%+30%)*30%, "" ) ) ) ) ) ) + V15 ) -> #DIV/0! | K15: =IF(J15>=90,"A", IF(J15>=77,"B", IF(J15>=70,"C", IF(J15>=60,"D","E")))) -> #DIV/0! | L15: =_xlfn.RANK.EQ(J15,$J$2:$J$146,0) -> #DIV/0! | M15: =表格1_3[[#This Row],[部內平均]] -> #DIV/0! | O15: =表格1_3[[#This Row],[複評平均]] -> #DIV/0! | W15: 82.2 | X15: 13
A16: 移工 | B16: 2776 | C16: 陳俊智 | D16: 塗裝組 | E16: 技術員 | F16: 郭惠燕 | G16: =表格1[[#This Row],[加權後總分]]-表格1[[#This Row],[獎懲分數]] -> #DIV/0! | H16: =IF(表格1[[#This Row],[不包含獎懲總分]]>=90,"A", IF(表格1[[#This Row],[不包含獎懲總分]]>=80,"B", IF(表格1[[#This Row],[不包含獎懲總分]]>=70,"C", IF(表格1[[#This Row],[不包含獎懲總分]]>=60,"D","E")))) -> #DIV/0! | I16: =_xlfn.RANK.EQ(G16,$G$2:$G$146,0) -> #DIV/0! | J16: =IF( AND(M16<>"",N16<>"",O16<>""), M16*20% + N16*50% + O16*30%, IF( AND(M16<>"",N16="",O16=""), M16, IF( AND(M16="",N16<>"",O16=""), N16, IF( AND(M16="",N16="",O16<>""), O16, IF( AND(M16<>"",N16<>"",O16=""), M16/(20%+50%)*20% + N16/(20%+50%)*50%, IF( AND(M16<>"",N16="",O16<>""), M16/(20%+30%)*20% + O16/(20%+30%)*30%, IF( AND(M16="",N16<>"",O16<>""), N16/(50%+30%)*50% + O16/(50%+30%)*30%, "" ) ) ) ) ) ) + V16 ) -> #DIV/0! | K16: =IF(J16>=90,"A", IF(J16>=77,"B", IF(J16>=70,"C", IF(J16>=60,"D","E")))) -> #DIV/0! | L16: =_xlfn.RANK.EQ(J16,$J$2:$J$146,0) -> #DIV/0! | M16: =表格1_3[[#This Row],[部內平均]] -> #DIV/0! | O16: =表格1_3[[#This Row],[複評平均]] -> #DIV/0! | W16: 81.4 | X16: 14
A17: 移工 | B17: 2832 | C17: 阿迪朋 | D17: 塗裝組 | E17: 技術員 | F17: 陳佳安 | G17: =表格1[[#This Row],[加權後總分]]-表格1[[#This Row],[獎懲分數]] -> #DIV/0! | H17: =IF(表格1[[#This Row],[不包含獎懲總分]]>=90,"A", IF(表格1[[#This Row],[不包含獎懲總分]]>=80,"B", IF(表格1[[#This Row],[不包含獎懲總分]]>=70,"C", IF(表格1[[#This Row],[不包含獎懲總分]]>=60,"D","E")))) -> #DIV/0! | I17: =_xlfn.RANK.EQ(G17,$G$2:$G$146,0) -> #DIV/0! | J17: =IF( AND(M17<>"",N17<>"",O17<>""), M17*20% + N17*50% + O17*30%, IF( AND(M17<>"",N17="",O17=""), M17, IF( AND(M17="",N17<>"",O17=""), N17, IF( AND(M17="",N17="",O17<>""), O17, IF( AND(M17<>"",N17<>"",O17=""), M17/(20%+50%)*20% + N17/(20%+50%)*50%, IF( AND(M17<>"",N17="",O17<>""), M17/(20%+30%)*20% + O17/(20%+30%)*30%, IF( AND(M17="",N17<>"",O17<>""), N17/(50%+30%)*50% + O17/(50%+30%)*30%, "" ) ) ) ) ) ) + V17 ) -> #DIV/0! | K17: =IF(J17>=90,"A", IF(J17>=77,"B", IF(J17>=70,"C", IF(J17>=60,"D","E")))) -> #DIV/0! | L17: =_xlfn.RANK.EQ(J17,$J$2:$J$146,0) -> #DIV/0! | M17: =表格1_3[[#This Row],[部內平均]] -> #DIV/0! | O17: =表格1_3[[#This Row],[複評平均]] -> #DIV/0! | W17: 81.35 | X17: 15
A18: 移工 | B18: 2834 | C18: 阿沙文 | D18: 塗裝組 | E18: 技術員 | F18: 郭惠燕 | G18: =表格1[[#This Row],[加權後總分]]-表格1[[#This Row],[獎懲分數]] -> #DIV/0! | H18: =IF(表格1[[#This Row],[不包含獎懲總分]]>=90,"A", IF(表格1[[#This Row],[不包含獎懲總分]]>=80,"B", IF(表格1[[#This Row],[不包含獎懲總分]]>=70,"C", IF(表格1[[#This Row],[不包含獎懲總分]]>=60,"D","E")))) -> #DIV/0! | I18: =_xlfn.RANK.EQ(G18,$G$2:$G$146,0) -> #DIV/0! | J18: =IF( AND(M18<>"",N18<>"",O18<>""), M18*20% + N18*50% + O18*30%, IF( AND(M18<>"",N18="",O18=""), M18, IF( AND(M18="",N18<>"",O18=""), N18, IF( AND(M18="",N18="",O18<>""), O18, IF( AND(M18<>"",N18<>"",O18=""), M18/(20%+50%)*20% + N18/(20%+50%)*50%, IF( AND(M18<>"",N18="",O18<>""), M18/(20%+30%)*20% + O18/(20%+30%)*30%, IF( AND(M18="",N18<>"",O18<>""), N18/(50%+30%)*50% + O18/(50%+30%)*30%, "" ) ) ) ) ) ) + V18 ) -> #DIV/0! | K18: =IF(J18>=90,"A", IF(J18>=77,"B", IF(J18>=70,"C", IF(J18>=60,"D","E")))) -> #DIV/0! | L18: =_xlfn.RANK.EQ(J18,$J$2:$J$146,0) -> #DIV/0! | M18: =表格1_3[[#This Row],[部內平均]] -> #DIV/0! | O18: =表格1_3[[#This Row],[複評平均]] -> #DIV/0! | W18: 81.058333 | X18: 16
G19: =表格1[[#This Row],[加權後總分]]-表格1[[#This Row],[獎懲分數]] -> #DIV/0! | H19: =IF(表格1[[#This Row],[不包含獎懲總分]]>=90,"A", IF(表格1[[#This Row],[不包含獎懲總分]]>=80,"B", IF(表格1[[#This Row],[不包含獎懲總分]]>=70,"C", IF(表格1[[#This Row],[不包含獎懲總分]]>=60,"D","E")))) -> #DIV/0! | I19: =_xlfn.RANK.EQ(G19,$G$2:$G$146,0) -> #DIV/0! | J19: =IF( AND(M19<>"",N19<>"",O19<>""), M19*20% + N19*50% + O19*30%, IF( AND(M19<>"",N19="",O19=""), M19, IF( AND(M19="",N19<>"",O19=""), N19, IF( AND(M19="",N19="",O19<>""), O19, IF( AND(M19<>"",N19<>"",O19=""), M19/(20%+50%)*20% + N19/(20%+50%)*50%, IF( AND(M19<>"",N19="",O19<>""), M19/(20%+30%)*20% + O19/(20%+30%)*30%, IF( AND(M19="",N19<>"",O19<>""), N19/(50%+30%)*50% + O19/(50%+30%)*30%, "" ) ) ) ) ) ) + V19 ) -> #DIV/0! | K19: =IF(J19>=90,"A", IF(J19>=77,"B", IF(J19>=70,"C", IF(J19>=60,"D","E")))) -> #DIV/0! | L19: =_xlfn.RANK.EQ(J19,$J$2:$J$146,0) -> #DIV/0! | M19: =表格1_3[[#This Row],[部內平均]] -> #DIV/0! | O19: =表格1_3[[#This Row],[複評平均]] -> #DIV/0! | W19: 80.693878 | X19: 17
B20: 1713 | C20: 周安琪 | D20: 塗裝組 | E20: 班長 | F20: 郭惠燕 | G20: =表格1[[#This Row],[加權後總分]]-表格1[[#This Row],[獎懲分數]] -> #DIV/0! | H20: =IF(表格1[[#This Row],[不包含獎懲總分]]>=90,"A", IF(表格1[[#This Row],[不包含獎懲總分]]>=80,"B", IF(表格1[[#This Row],[不包含獎懲總分]]>=70,"C", IF(表格1[[#This Row],[不包含獎懲總分]]>=60,"D","E")))) -> #DIV/0! | I20: =_xlfn.RANK.EQ(G20,$G$2:$G$146,0) -> #DIV/0! | J20: =IF( AND(M20<>"",N20<>"",O20<>""), M20*20% + N20*50% + O20*30%, IF( AND(M20<>"",N20="",O20=""), M20, IF( AND(M20="",N20<>"",O20=""), N20, IF( AND(M20="",N20="",O20<>""), O20, IF( AND(M20<>"",N20<>"",O20=""), M20/(20%+50%)*20% + N20/(20%+50%)*50%, IF( AND(M20<>"",N20="",O20<>""), M20/(20%+30%)*20% + O20/(20%+30%)*30%, IF( AND(M20="",N20<>"",O20<>""), N20/(50%+30%)*50% + O20/(50%+30%)*30%, "" ) ) ) ) ) ) + V20 ) -> #DIV/0! | K20: =IF(J20>=90,"A", IF(J20>=77,"B", IF(J20>=70,"C", IF(J20>=60,"D","E")))) -> #DIV/0! | L20: =_xlfn.RANK.EQ(J20,$J$2:$J$146,0) -> #DIV/0! | M20: =表格1_3[[#This Row],[部內平均]] -> #DIV/0! | N20: =表格1_3[[#This Row],[共評平均]] -> #DIV/0! | O20: =表格1_3[[#This Row],[複評平均]] -> #DIV/0! | W20: 80.6 | X20: 18
A21: 外配 | B21: 2546 | C21: 黃氏金莉 | D21: 塗裝組 | E21: 技術員 | F21: 郭惠燕 | G21: =表格1[[#This Row],[加權後總分]]-表格1[[#This Row],[獎懲分數]] -> #DIV/0! | H21: =IF(表格1[[#This Row],[不包含獎懲總分]]>=90,"A", IF(表格1[[#This Row],[不包含獎懲總分]]>=80,"B", IF(表格1[[#This Row],[不包含獎懲總分]]>=70,"C", IF(表格1[[#This Row],[不包含獎懲總分]]>=60,"D","E")))) -> #DIV/0! | I21: =_xlfn.RANK.EQ(G21,$G$2:$G$146,0) -> #DIV/0! | J21: =IF( AND(M21<>"",N21<>"",O21<>""), M21*20% + N21*50% + O21*30%, IF( AND(M21<>"",N21="",O21=""), M21, IF( AND(M21="",N21<>"",O21=""), N21, IF( AND(M21="",N21="",O21<>""), O21, IF( AND(M21<>"",N21<>"",O21=""), M21/(20%+50%)*20% + N21/(20%+50%)*50%, IF( AND(M21<>"",N21="",O21<>""), M21/(20%+30%)*20% + O21/(20%+30%)*30%, IF( AND(M21="",N21<>"",O21<>""), N21/(50%+30%)*50% + O21/(50%+30%)*30%, "" ) ) ) ) ) ) + V21 ) -> #DIV/0! | K21: =IF(J21>=90,"A", IF(J21>=77,"B", IF(J21>=70,"C", IF(J21>=60,"D","E")))) -> #DIV/0! | L21: =_xlfn.RANK.EQ(J21,$J$2:$J$146,0) -> #DIV/0! | M21: =表格1_3[[#This Row],[部內平均]] -> #DIV/0! | O21: =表格1_3[[#This Row],[複評平均]] -> #DIV/0! | W21: 80.5 | X21: 19
A22: 移工 | B22: 2589 | C22: 威耐 | D22: 塗裝組 | E22: 班長 | F22: 郭惠燕 | G22: =表格1[[#This Row],[加權後總分]]-表格1[[#This Row],[獎懲分數]] -> #DIV/0! | H22: =IF(表格1[[#This Row],[不包含獎懲總分]]>=90,"A", IF(表格1[[#This Row],[不包含獎懲總分]]>=80,"B", IF(表格1[[#This Row],[不包含獎懲總分]]>=70,"C", IF(表格1[[#This Row],[不包含獎懲總分]]>=60,"D","E")))) -> #DIV/0! | I22: =_xlfn.RANK.EQ(G22,$G$2:$G$146,0) -> #DIV/0! | J22: =IF( AND(M22<>"",N22<>"",O22<>""), M22*20% + N22*50% + O22*30%, IF( AND(M22<>"",N22="",O22=""), M22, IF( AND(M22="",N22<>"",O22=""), N22, IF( AND(M22="",N22="",O22<>""), O22, IF( AND(M22<>"",N22<>"",O22=""), M22/(20%+50%)*20% + N22/(20%+50%)*50%, IF( AND(M22<>"",N22="",O22<>""), M22/(20%+30%)*20% + O22/(20%+30%)*30%, IF( AND(M22="",N22<>"",O22<>""), N22/(50%+30%)*50% + O22/(50%+30%)*30%, "" ) ) ) ) ) ) + V22 ) -> #DIV/0! | K22: =IF(J22>=90,"A", IF(J22>=77,"B", IF(J22>=70,"C", IF(J22>=60,"D","E")))) -> #DIV/0! | L22: =_xlfn.RANK.EQ(J22,$J$2:$J$146,0) -> #DIV/0! | M22: =表格1_3[[#This Row],[部內平均]] -> #DIV/0! | N22: =表格1_3[[#This Row],[共評平均]] -> #DIV/0! | O22: =表格1_3[[#This Row],[複評平均]] -> #DIV/0! | W22: 79.938776 | X22: 20
B23: 1101 | C23: 郭惠燕 | D23: 塗裝組 | E23: 組長 | F23: 周清家 | G23: =表格1[[#This Row],[加權後總分]]-表格1[[#This Row],[獎懲分數]] -> #DIV/0! | H23: =IF(表格1[[#This Row],[不包含獎懲總分]]>=90,"A", IF(表格1[[#This Row],[不包含獎懲總分]]>=80,"B", IF(表格1[[#This Row],[不包含獎懲總分]]>=70,"C", IF(表格1[[#This Row],[不包含獎懲總分]]>=60,"D","E")))) -> #DIV/0! | I23: =_xlfn.RANK.EQ(G23,$G$2:$G$146,0) -> #DIV/0! | J23: =IF( AND(M23<>"",N23<>"",O23<>""), M23*20% + N23*50% + O23*30%, IF( AND(M23<>"",N23="",O23=""), M23, IF( AND(M23="",N23<>"",O23=""), N23, IF( AND(M23="",N23="",O23<>""), O23, IF( AND(M23<>"",N23<>"",O23=""), M23/(20%+50%)*20% + N23/(20%+50%)*50%, IF( AND(M23<>"",N23="",O23<>""), M23/(20%+30%)*20% + O23/(20%+30%)*30%, IF( AND(M23="",N23<>"",O23<>""), N23/(50%+30%)*50% + O23/(50%+30%)*30%, "" ) ) ) ) ) ) + V23 ) -> #DIV/0! | K23: =IF(J23>=90,"A", IF(J23>=77,"B", IF(J23>=70,"C", IF(J23>=60,"D","E")))) -> #DIV/0! | L23: =_xlfn.RANK.EQ(J23,$J$2:$J$146,0) -> #DIV/0! | M23: =表格1_3[[#This Row],[部內平均]] -> #DIV/0! | N23: =表格1_3[[#This Row],[共評平均]] -> #DIV/0! | O23: =表格1_3[[#This Row],[複評平均]] -> #DIV/0! | W23: 79.416667 | X23: 21
A24: 現場 | B24: 2056 | C24: 陳世傑 | D24: 塗裝組 | E24: 技術員 | F24: 郭惠燕 | G24: =表格1[[#This Row],[加權後總分]]-表格1[[#This Row],[獎懲分數]] -> #DIV/0! | H24: =IF(表格1[[#This Row],[不包含獎懲總分]]>=90,"A", IF(表格1[[#This Row],[不包含獎懲總分]]>=80,"B", IF(表格1[[#This Row],[不包含獎懲總分]]>=70,"C", IF(表格1[[#This Row],[不包含獎懲總分]]>=60,"D","E")))) -> #DIV/0! | I24: =_xlfn.RANK.EQ(G24,$G$2:$G$146,0) -> #DIV/0! | J24: =IF( AND(M24<>"",N24<>"",O24<>""), M24*20% + N24*50% + O24*30%, IF( AND(M24<>"",N24="",O24=""), M24, IF( AND(M24="",N24<>"",O24=""), N24, IF( AND(M24="",N24="",O24<>""), O24, IF( AND(M24<>"",N24<>"",O24=""), M24/(20%+50%)*20% + N24/(20%+50%)*50%, IF( AND(M24<>"",N24="",O24<>""), M24/(20%+30%)*20% + O24/(20%+30%)*30%, IF( AND(M24="",N24<>"",O24<>""), N24/(50%+30%)*50% + O24/(50%+30%)*30%, "" ) ) ) ) ) ) + V24 ) -> #DIV/0! | K24: =IF(J24>=90,"A", IF(J24>=77,"B", IF(J24>=70,"C", IF(J24>=60,"D","E")))) -> #DIV/0! | L24: =_xlfn.RANK.EQ(J24,$J$2:$J$146,0) -> #DIV/0! | M24: =表格1_3[[#This Row],[部內平均]] -> #DIV/0! | O24: =表格1_3[[#This Row],[複評平均]] -> #DIV/0! | W24: 79.285714 | X24: 22
A25: 外配 | B25: 2258 | C25: 連維敏 | D25: 組一組 | E25: 技術員 | F25: 陳佳安 | G25: =表格1[[#This Row],[加權後總分]]-表格1[[#This Row],[獎懲分數]] -> #DIV/0! | H25: =IF(表格1[[#This Row],[不包含獎懲總分]]>=90,"A", IF(表格1[[#This Row],[不包含獎懲總分]]>=80,"B", IF(表格1[[#This Row],[不包含獎懲總分]]>=70,"C", IF(表格1[[#This Row],[不包含獎懲總分]]>=60,"D","E")))) -> #DIV/0! | I25: =_xlfn.RANK.EQ(G25,$G$2:$G$146,0) -> #DIV/0! | J25: =IF( AND(M25<>"",N25<>"",O25<>""), M25*20% + N25*50% + O25*30%, IF( AND(M25<>"",N25="",O25=""), M25, IF( AND(M25="",N25<>"",O25=""), N25, IF( AND(M25="",N25="",O25<>""), O25, IF( AND(M25<>"",N25<>"",O25=""), M25/(20%+50%)*20% + N25/(20%+50%)*50%, IF( AND(M25<>"",N25="",O25<>""), M25/(20%+30%)*20% + O25/(20%+30%)*30%, IF( AND(M25="",N25<>"",O25<>""), N25/(50%+30%)*50% + O25/(50%+30%)*30%, "" ) ) ) ) ) ) + V25 ) -> #DIV/0! | K25: =IF(J25>=90,"A", IF(J25>=77,"B", IF(J25>=70,"C", IF(J25>=60,"D","E")))) -> #DIV/0! | L25: =_xlfn.RANK.EQ(J25,$J$2:$J$146,0) -> #DIV/0! | M25: =表格1_3[[#This Row],[部內平均]] -> #DIV/0! | O25: =表格1_3[[#This Row],[複評平均]] -> #DIV/0! | W25: 79.109091 | X25: 23
A26: 現場 | B26: 1799 | C26: 朱淑君 | D26: 組一組 | E26: 技術員 | F26: 陳怡珊 | G26: =表格1[[#This Row],[加權後總分]]-表格1[[#This Row],[獎懲分數]] -> #DIV/0! | H26: =IF(表格1[[#This Row],[不包含獎懲總分]]>=90,"A", IF(表格1[[#This Row],[不包含獎懲總分]]>=80,"B", IF(表格1[[#This Row],[不包含獎懲總分]]>=70,"C", IF(表格1[[#This Row],[不包含獎懲總分]]>=60,"D","E")))) -> #DIV/0! | I26: =_xlfn.RANK.EQ(G26,$G$2:$G$146,0) -> #DIV/0! | J26: =IF( AND(M26<>"",N26<>"",O26<>""), M26*20% + N26*50% + O26*30%, IF( AND(M26<>"",N26="",O26=""), M26, IF( AND(M26="",N26<>"",O26=""), N26, IF( AND(M26="",N26="",O26<>""), O26, IF( AND(M26<>"",N26<>"",O26=""), M26/(20%+50%)*20% + N26/(20%+50%)*50%, IF( AND(M26<>"",N26="",O26<>""), M26/(20%+30%)*20% + O26/(20%+30%)*30%, IF( AND(M26="",N26<>"",O26<>""), N26/(50%+30%)*50% + O26/(50%+30%)*30%, "" ) ) ) ) ) ) + V26 ) -> #DIV/0! | K26: =IF(J26>=90,"A", IF(J26>=77,"B", IF(J26>=70,"C", IF(J26>=60,"D","E")))) -> #DIV/0! | L26: =_xlfn.RANK.EQ(J26,$J$2:$J$146,0) -> #DIV/0! | M26: =表格1_3[[#This Row],[部內平均]] -> #DIV/0! | O26: =表格1_3[[#This Row],[複評平均]] -> #DIV/0! | W26: 79 | X26: 24
A27: 現場 | B27: 2565 | C27: 呂雅秀 | D27: 組一組 | E27: 技術員 | F27: 陳佳安 | G27: =表格1[[#This Row],[加權後總分]]-表格1[[#This Row],[獎懲分數]] -> #DIV/0! | H27: =IF(表格1[[#This Row],[不包含獎懲總分]]>=90,"A", IF(表格1[[#This Row],[不包含獎懲總分]]>=80,"B", IF(表格1[[#This Row],[不包含獎懲總分]]>=70,"C", IF(表格1[[#This Row],[不包含獎懲總分]]>=60,"D","E")))) -> #DIV/0! | I27: =_xlfn.RANK.EQ(G27,$G$2:$G$146,0) -> #DIV/0! | J27: =IF( AND(M27<>"",N27<>"",O27<>""), M27*20% + N27*50% + O27*30%, IF( AND(M27<>"",N27="",O27=""), M27, IF( AND(M27="",N27<>"",O27=""), N27, IF( AND(M27="",N27="",O27<>""), O27, IF( AND(M27<>"",N27<>"",O27=""), M27/(20%+50%)*20% + N27/(20%+50%)*50%, IF( AND(M27<>"",N27="",O27<>""), M27/(20%+30%)*20% + O27/(20%+30%)*30%, IF( AND(M27="",N27<>"",O27<>""), N27/(50%+30%)*50% + O27/(50%+30%)*30%, "" ) ) ) ) ) ) + V27 ) -> #DIV/0! | K27: =IF(J27>=90,"A", IF(J27>=77,"B", IF(J27>=70,"C", IF(J27>=60,"D","E")))) -> #DIV/0! | L27: =_xlfn.RANK.EQ(J27,$J$2:$J$146,0) -> #DIV/0! | M27: =表格1_3[[#This Row],[部內平均]] -> #DIV/0! | O27: =表格1_3[[#This Row],[複評平均]] -> #DIV/0! | W27: 78.957143 | X27: 25
A28: 移工 | B28: 2418 | C28: 松甲 | D28: 組一組 | E28: 技術員 | F28: 陳佳安 | G28: =表格1[[#This Row],[加權後總分]]-表格1[[#This Row],[獎懲分數]] -> #DIV/0! | H28: =IF(表格1[[#This Row],[不包含獎懲總分]]>=90,"A", IF(表格1[[#This Row],[不包含獎懲總分]]>=80,"B", IF(表格1[[#This Row],[不包含獎懲總分]]>=70,"C", IF(表格1[[#This Row],[不包含獎懲總分]]>=60,"D","E")))) -> #DIV/0! | I28: =_xlfn.RANK.EQ(G28,$G$2:$G$146,0) -> #DIV/0! | J28: =IF( AND(M28<>"",N28<>"",O28<>""), M28*20% + N28*50% + O28*30%, IF( AND(M28<>"",N28="",O28=""), M28, IF( AND(M28="",N28<>"",O28=""), N28, IF( AND(M28="",N28="",O28<>""), O28, IF( AND(M28<>"",N28<>"",O28=""), M28/(20%+50%)*20% + N28/(20%+50%)*50%, IF( AND(M28<>"",N28="",O28<>""), M28/(20%+30%)*20% + O28/(20%+30%)*30%, IF( AND(M28="",N28<>"",O28<>""), N28/(50%+30%)*50% + O28/(50%+30%)*30%, "" ) ) ) ) ) ) + V28 ) -> #DIV/0! | K28: =IF(J28>=90,"A", IF(J28>=77,"B", IF(J28>=70,"C", IF(J28>=60,"D","E")))) -> #DIV/0! | L28: =_xlfn.RANK.EQ(J28,$J$2:$J$146,0) -> #DIV/0! | M28: =表格1_3[[#This Row],[部內平均]] -> #DIV/0! | O28: =表格1_3[[#This Row],[複評平均]] -> #DIV/0! | W28: 78.732143 | X28: 26
A29: 現場 | B29: 2226 | C29: 陳意琛 | D29: 組一組 | E29: 技術員 | F29: 陳佳安 | G29: =表格1[[#This Row],[加權後總分]]-表格1[[#This Row],[獎懲分數]] -> #DIV/0! | H29: =IF(表格1[[#This Row],[不包含獎懲總分]]>=90,"A", IF(表格1[[#This Row],[不包含獎懲總分]]>=80,"B", IF(表格1[[#This Row],[不包含獎懲總分]]>=70,"C", IF(表格1[[#This Row],[不包含獎懲總分]]>=60,"D","E")))) -> #DIV/0! | I29: =_xlfn.RANK.EQ(G29,$G$2:$G$146,0) -> #DIV/0! | J29: =IF( AND(M29<>"",N29<>"",O29<>""), M29*20% + N29*50% + O29*30%, IF( AND(M29<>"",N29="",O29=""), M29, IF( AND(M29="",N29<>"",O29=""), N29, IF( AND(M29="",N29="",O29<>""), O29, IF( AND(M29<>"",N29<>"",O29=""), M29/(20%+50%)*20% + N29/(20%+50%)*50%, IF( AND(M29<>"",N29="",O29<>""), M29/(20%+30%)*20% + O29/(20%+30%)*30%, IF( AND(M29="",N29<>"",O29<>""), N29/(50%+30%)*50% + O29/(50%+30%)*30%, "" ) ) ) ) ) ) + V29 ) -> #DIV/0! | K29: =IF(J29>=90,"A", IF(J29>=77,"B", IF(J29>=70,"C", IF(J29>=60,"D","E")))) -> #DIV/0! | L29: =_xlfn.RANK.EQ(J29,$J$2:$J$146,0) -> #DIV/0! | M29: =表格1_3[[#This Row],[部內平均]] -> #DIV/0! | O29: =表格1_3[[#This Row],[複評平均]] -> #DIV/0! | W29: 78.2 | X29: 27
A30: 移工 | B30: 2827 | C30: 蘇拉岡 | D30: 組一組 | E30: 技術員 | F30: 陳佳安 | G30: =表格1[[#This Row],[加權後總分]]-表格1[[#This Row],[獎懲分數]] -> #DIV/0! | H30: =IF(表格1[[#This Row],[不包含獎懲總分]]>=90,"A", IF(表格1[[#This Row],[不包含獎懲總分]]>=80,"B", IF(表格1[[#This Row],[不包含獎懲總分]]>=70,"C", IF(表格1[[#This Row],[不包含獎懲總分]]>=60,"D","E")))) -> #DIV/0! | I30: =_xlfn.RANK.EQ(G30,$G$2:$G$146,0) -> #DIV/0! | J30: =IF( AND(M30<>"",N30<>"",O30<>""), M30*20% + N30*50% + O30*30%, IF( AND(M30<>"",N30="",O30=""), M30, IF( AND(M30="",N30<>"",O30=""), N30, IF( AND(M30="",N30="",O30<>""), O30, IF( AND(M30<>"",N30<>"",O30=""), M30/(20%+50%)*20% + N30/(20%+50%)*50%, IF( AND(M30<>"",N30="",O30<>""), M30/(20%+30%)*20% + O30/(20%+30%)*30%, IF( AND(M30="",N30<>"",O30<>""), N30/(50%+30%)*50% + O30/(50%+30%)*30%, "" ) ) ) ) ) ) + V30 ) -> #DIV/0! | K30: =IF(J30>=90,"A", IF(J30>=77,"B", IF(J30>=70,"C", IF(J30>=60,"D","E")))) -> #DIV/0! | L30: =_xlfn.RANK.EQ(J30,$J$2:$J$146,0) -> #DIV/0! | M30: =表格1_3[[#This Row],[部內平均]] -> #DIV/0! | O30: =表格1_3[[#This Row],[複評平均]] -> #DIV/0! | W30: 77.8 | X30: 28
A31: 現場 | B31: 2724 | C31: 周柏杰 | D31: 組一組 | E31: 技術員 | F31: 陳佳安 | G31: =表格1[[#This Row],[加權後總分]]-表格1[[#This Row],[獎懲分數]] -> #DIV/0! | H31: =IF(表格1[[#This Row],[不包含獎懲總分]]>=90,"A", IF(表格1[[#This Row],[不包含獎懲總分]]>=80,"B", IF(表格1[[#This Row],[不包含獎懲總分]]>=70,"C", IF(表格1[[#This Row],[不包含獎懲總分]]>=60,"D","E")))) -> #DIV/0! | I31: =_xlfn.RANK.EQ(G31,$G$2:$G$146,0) -> #DIV/0! | J31: =IF( AND(M31<>"",N31<>"",O31<>""), M31*20% + N31*50% + O31*30%, IF( AND(M31<>"",N31="",O31=""), M31, IF( AND(M31="",N31<>"",O31=""), N31, IF( AND(M31="",N31="",O31<>""), O31, IF( AND(M31<>"",N31<>"",O31=""), M31/(20%+50%)*20% + N31/(20%+50%)*50%, IF( AND(M31<>"",N31="",O31<>""), M31/(20%+30%)*20% + O31/(20%+30%)*30%, IF( AND(M31="",N31<>"",O31<>""), N31/(50%+30%)*50% + O31/(50%+30%)*30%, "" ) ) ) ) ) ) + V31 ) -> #DIV/0! | K31: =IF(J31>=90,"A", IF(J31>=77,"B", IF(J31>=70,"C", IF(J31>=60,"D","E")))) -> #DIV/0! | L31: =_xlfn.RANK.EQ(J31,$J$2:$J$146,0) -> #DIV/0! | M31: =表格1_3[[#This Row],[部內平均]] -> #DIV/0! | O31: =表格1_3[[#This Row],[複評平均]] -> #DIV/0! | W31: 77.6 | X31: 29
A32: 移工 | B32: 3004 | C32: 朗吾 | D32: 組一組 | E32: 技術員 | F32: 陳怡珊 | G32: =表格1[[#This Row],[加權後總分]]-表格1[[#This Row],[獎懲分數]] -> #DIV/0! | H32: =IF(表格1[[#This Row],[不包含獎懲總分]]>=90,"A", IF(表格1[[#This Row],[不包含獎懲總分]]>=80,"B", IF(表格1[[#This Row],[不包含獎懲總分]]>=70,"C", IF(表格1[[#This Row],[不包含獎懲總分]]>=60,"D","E")))) -> #DIV/0! | I32: =_xlfn.RANK.EQ(G32,$G$2:$G$146,0) -> #DIV/0! | J32: =IF( AND(M32<>"",N32<>"",O32<>""), M32*20% + N32*50% + O32*30%, IF( AND(M32<>"",N32="",O32=""), M32, IF( AND(M32="",N32<>"",O32=""), N32, IF( AND(M32="",N32="",O32<>""), O32, IF( AND(M32<>"",N32<>"",O32=""), M32/(20%+50%)*20% + N32/(20%+50%)*50%, IF( AND(M32<>"",N32="",O32<>""), M32/(20%+30%)*20% + O32/(20%+30%)*30%, IF( AND(M32="",N32<>"",O32<>""), N32/(50%+30%)*50% + O32/(50%+30%)*30%, "" ) ) ) ) ) ) + V32 ) -> #DIV/0! | K32: =IF(J32>=90,"A", IF(J32>=77,"B", IF(J32>=70,"C", IF(J32>=60,"D","E")))) -> #DIV/0! | L32: =_xlfn.RANK.EQ(J32,$J$2:$J$146,0) -> #DIV/0! | M32: =表格1_3[[#This Row],[部內平均]] -> #DIV/0! | O32: =表格1_3[[#This Row],[複評平均]] -> #DIV/0! | W32: 77.4 | X32: 30
G33: =表格1[[#This Row],[加權後總分]]-表格1[[#This Row],[獎懲分數]] -> #DIV/0! | H33: =IF(表格1[[#This Row],[不包含獎懲總分]]>=90,"A", IF(表格1[[#This Row],[不包含獎懲總分]]>=80,"B", IF(表格1[[#This Row],[不包含獎懲總分]]>=70,"C", IF(表格1[[#This Row],[不包含獎懲總分]]>=60,"D","E")))) -> #DIV/0! | I33: =_xlfn.RANK.EQ(G33,$G$2:$G$146,0) -> #DIV/0! | J33: =IF( AND(M33<>"",N33<>"",O33<>""), M33*20% + N33*50% + O33*30%, IF( AND(M33<>"",N33="",O33=""), M33, IF( AND(M33="",N33<>"",O33=""), N33, IF( AND(M33="",N33="",O33<>""), O33, IF( AND(M33<>"",N33<>"",O33=""), M33/(20%+50%)*20% + N33/(20%+50%)*50%, IF( AND(M33<>"",N33="",O33<>""), M33/(20%+30%)*20% + O33/(20%+30%)*30%, IF( AND(M33="",N33<>"",O33<>""), N33/(50%+30%)*50% + O33/(50%+30%)*30%, "" ) ) ) ) ) ) + V33 ) -> #DIV/0! | K33: =IF(J33>=90,"A", IF(J33>=77,"B", IF(J33>=70,"C", IF(J33>=60,"D","E")))) -> #DIV/0! | L33: =_xlfn.RANK.EQ(J33,$J$2:$J$146,0) -> #DIV/0! | M33: =表格1_3[[#This Row],[部內平均]] -> #DIV/0! | O33: =表格1_3[[#This Row],[複評平均]] -> #DIV/0!
A34: 移工 | B34: 2930 | C34: 巴林亞 | D34: 組一組 | E34: 技術員 | F34: 陳怡珊 | G34: =表格1[[#This Row],[加權後總分]]-表格1[[#This Row],[獎懲分數]] -> #DIV/0! | H34: =IF(表格1[[#This Row],[不包含獎懲總分]]>=90,"A", IF(表格1[[#This Row],[不包含獎懲總分]]>=80,"B", IF(表格1[[#This Row],[不包含獎懲總分]]>=70,"C", IF(表格1[[#This Row],[不包含獎懲總分]]>=60,"D","E")))) -> #DIV/0! | I34: =_xlfn.RANK.EQ(G34,$G$2:$G$146,0) -> #DIV/0! | J34: =IF( AND(M34<>"",N34<>"",O34<>""), M34*20% + N34*50% + O34*30%, IF( AND(M34<>"",N34="",O34=""), M34, IF( AND(M34="",N34<>"",O34=""), N34, IF( AND(M34="",N34="",O34<>""), O34, IF( AND(M34<>"",N34<>"",O34=""), M34/(20%+50%)*20% + N34/(20%+50%)*50%, IF( AND(M34<>"",N34="",O34<>""), M34/(20%+30%)*20% + O34/(20%+30%)*30%, IF( AND(M34="",N34<>"",O34<>""), N34/(50%+30%)*50% + O34/(50%+30%)*30%, "" ) ) ) ) ) ) + V34 ) -> #DIV/0! | K34: =IF(J34>=90,"A", IF(J34>=77,"B", IF(J34>=70,"C", IF(J34>=60,"D","E")))) -> #DIV/0! | L34: =_xlfn.RANK.EQ(J34,$J$2:$J$146,0) -> #DIV/0! | M34: =表格1_3[[#This Row],[部內平均]] -> #DIV/0! | O34: =表格1_3[[#This Row],[複評平均]] -> #DIV/0! | W34: 77.125 | X34: 32
A35: 移工 | B35: 2919 | C35: 及可 | D35: 組一組 | E35: 技術員 | F35: 陳怡珊 | G35: =表格1[[#This Row],[加權後總分]]-表格1[[#This Row],[獎懲分數]] -> #DIV/0! | H35: =IF(表格1[[#This Row],[不包含獎懲總分]]>=90,"A", IF(表格1[[#This Row],[不包含獎懲總分]]>=80,"B", IF(表格1[[#This Row],[不包含獎懲總分]]>=70,"C", IF(表格1[[#This Row],[不包含獎懲總分]]>=60,"D","E")))) -> #DIV/0! | I35: =_xlfn.RANK.EQ(G35,$G$2:$G$146,0) -> #DIV/0! | J35: =IF( AND(M35<>"",N35<>"",O35<>""), M35*20% + N35*50% + O35*30%, IF( AND(M35<>"",N35="",O35=""), M35, IF( AND(M35="",N35<>"",O35=""), N35, IF( AND(M35="",N35="",O35<>""), O35, IF( AND(M35<>"",N35<>"",O35=""), M35/(20%+50%)*20% + N35/(20%+50%)*50%, IF( AND(M35<>"",N35="",O35<>""), M35/(20%+30%)*20% + O35/(20%+30%)*30%, IF( AND(M35="",N35<>"",O35<>""), N35/(50%+30%)*50% + O35/(50%+30%)*30%, "" ) ) ) ) ) ) + V35 ) -> #DIV/0! | K35: =IF(J35>=90,"A", IF(J35>=77,"B", IF(J35>=70,"C", IF(J35>=60,"D","E")))) -> #DIV/0! | L35: =_xlfn.RANK.EQ(J35,$J$2:$J$146,0) -> #DIV/0! | M35: =表格1_3[[#This Row],[部內平均]] -> #DIV/0! | O35: =表格1_3[[#This Row],[複評平均]] -> #DIV/0! | W35: 77.061224 | X35: 33
A36: 移工 | B36: 3029 | C36: 吉沙達 | D36: 組一組 | E36: 技術員 | F36: 陳怡珊 | G36: =表格1[[#This Row],[加權後總分]]-表格1[[#This Row],[獎懲分數]] -> #DIV/0! | H36: =IF(表格1[[#This Row],[不包含獎懲總分]]>=90,"A", IF(表格1[[#This Row],[不包含獎懲總分]]>=80,"B", IF(表格1[[#This Row],[不包含獎懲總分]]>=70,"C", IF(表格1[[#This Row],[不包含獎懲總分]]>=60,"D","E")))) -> #DIV/0! | I36: =_xlfn.RANK.EQ(G36,$G$2:$G$146,0) -> #DIV/0! | J36: =IF( AND(M36<>"",N36<>"",O36<>""), M36*20% + N36*50% + O36*30%, IF( AND(M36<>"",N36="",O36=""), M36, IF( AND(M36="",N36<>"",O36=""), N36, IF( AND(M36="",N36="",O36<>""), O36, IF( AND(M36<>"",N36<>"",O36=""), M36/(20%+50%)*20% + N36/(20%+50%)*50%, IF( AND(M36<>"",N36="",O36<>""), M36/(20%+30%)*20% + O36/(20%+30%)*30%, IF( AND(M36="",N36<>"",O36<>""), N36/(50%+30%)*50% + O36/(50%+30%)*30%, "" ) ) ) ) ) ) + V36 ) -> #DIV/0! | K36: =IF(J36>=90,"A", IF(J36>=77,"B", IF(J36>=70,"C", IF(J36>=60,"D","E")))) -> #DIV/0! | L36: =_xlfn.RANK.EQ(J36,$J$2:$J$146,0) -> #DIV/0! | M36: =表格1_3[[#This Row],[部內平均]] -> #DIV/0! | O36: =表格1_3[[#This Row],[複評平均]] -> #DIV/0! | W36: 77 | X36: 34
B37: 2216 | C37: 陳怡珊 | D37: 組一組 | E37: 副組長 | F37: 楊玉鳳 | G37: =表格1[[#This Row],[加權後總分]]-表格1[[#This Row],[獎懲分數]] -> #DIV/0! | H37: =IF(表格1[[#This Row],[不包含獎懲總分]]>=90,"A", IF(表格1[[#This Row],[不包含獎懲總分]]>=80,"B", IF(表格1[[#This Row],[不包含獎懲總分]]>=70,"C", IF(表格1[[#This Row],[不包含獎懲總分]]>=60,"D","E")))) -> #DIV/0! | I37: =_xlfn.RANK.EQ(G37,$G$2:$G$146,0) -> #DIV/0! | J37: =IF( AND(M37<>"",N37<>"",O37<>""), M37*20% + N37*50% + O37*30%, IF( AND(M37<>"",N37="",O37=""), M37, IF( AND(M37="",N37<>"",O37=""), N37, IF( AND(M37="",N37="",O37<>""), O37, IF( AND(M37<>"",N37<>"",O37=""), M37/(20%+50%)*20% + N37/(20%+50%)*50%, IF( AND(M37<>"",N37="",O37<>""), M37/(20%+30%)*20% + O37/(20%+30%)*30%, IF( AND(M37="",N37<>"",O37<>""), N37/(50%+30%)*50% + O37/(50%+30%)*30%, "" ) ) ) ) ) ) + V37 ) -> #DIV/0! | K37: =IF(J37>=90,"A", IF(J37>=77,"B", IF(J37>=70,"C", IF(J37>=60,"D","E")))) -> #DIV/0! | L37: =_xlfn.RANK.EQ(J37,$J$2:$J$146,0) -> #DIV/0! | M37: =表格1_3[[#This Row],[部內平均]] -> #DIV/0! | N37: =表格1_3[[#This Row],[共評平均]] -> #DIV/0! | O37: =表格1_3[[#This Row],[複評平均]] -> #DIV/0! | W37: 77 | X37: 35
A38: 現場 | B38: 1547 | C38: 鄭萍 | D38: 沖床組 | E38: 技術員 | F38: 覃麗嬋 | G38: =表格1[[#This Row],[加權後總分]]-表格1[[#This Row],[獎懲分數]] -> #DIV/0! | H38: =IF(表格1[[#This Row],[不包含獎懲總分]]>=90,"A", IF(表格1[[#This Row],[不包含獎懲總分]]>=80,"B", IF(表格1[[#This Row],[不包含獎懲總分]]>=70,"C", IF(表格1[[#This Row],[不包含獎懲總分]]>=60,"D","E")))) -> #DIV/0! | I38: =_xlfn.RANK.EQ(G38,$G$2:$G$146,0) -> #DIV/0! | J38: =IF( AND(M38<>"",N38<>"",O38<>""), M38*20% + N38*50% + O38*30%, IF( AND(M38<>"",N38="",O38=""), M38, IF( AND(M38="",N38<>"",O38=""), N38, IF( AND(M38="",N38="",O38<>""), O38, IF( AND(M38<>"",N38<>"",O38=""), M38/(20%+50%)*20% + N38/(20%+50%)*50%, IF( AND(M38<>"",N38="",O38<>""), M38/(20%+30%)*20% + O38/(20%+30%)*30%, IF( AND(M38="",N38<>"",O38<>""), N38/(50%+30%)*50% + O38/(50%+30%)*30%, "" ) ) ) ) ) ) + V38 ) -> #DIV/0! | K38: =IF(J38>=90,"A", IF(J38>=77,"B", IF(J38>=70,"C", IF(J38>=60,"D","E")))) -> #DIV/0! | L38: =_xlfn.RANK.EQ(J38,$J$2:$J$146,0) -> #DIV/0! | M38: =表格1_3[[#This Row],[部內平均]] -> #DIV/0! | O38: =表格1_3[[#This Row],[複評平均]] -> #DIV/0! | W38: 76.959184 | X38: 36
B39: 2097 | C39: 覃麗嬋 | D39: 沖床組 | E39: 副組長 | F39: 周清家 | G39: =表格1[[#This Row],[加權後總分]]-表格1[[#This Row],[獎懲分數]] -> #DIV/0! | H39: =IF(表格1[[#This Row],[不包含獎懲總分]]>=90,"A", IF(表格1[[#This Row],[不包含獎懲總分]]>=80,"B", IF(表格1[[#This Row],[不包含獎懲總分]]>=70,"C", IF(表格1[[#This Row],[不包含獎懲總分]]>=60,"D","E")))) -> #DIV/0! | I39: =_xlfn.RANK.EQ(G39,$G$2:$G$146,0) -> #DIV/0! | J39: =IF( AND(M39<>"",N39<>"",O39<>""), M39*20% + N39*50% + O39*30%, IF( AND(M39<>"",N39="",O39=""), M39, IF( AND(M39="",N39<>"",O39=""), N39, IF( AND(M39="",N39="",O39<>""), O39, IF( AND(M39<>"",N39<>"",O39=""), M39/(20%+50%)*20% + N39/(20%+50%)*50%, IF( AND(M39<>"",N39="",O39<>""), M39/(20%+30%)*20% + O39/(20%+30%)*30%, IF( AND(M39="",N39<>"",O39<>""), N39/(50%+30%)*50% + O39/(50%+30%)*30%, "" ) ) ) ) ) ) + V39 ) -> #DIV/0! | K39: =IF(J39>=90,"A", IF(J39>=77,"B", IF(J39>=70,"C", IF(J39>=60,"D","E")))) -> #DIV/0! | L39: =_xlfn.RANK.EQ(J39,$J$2:$J$146,0) -> #DIV/0! | M39: =表格1_3[[#This Row],[部內平均]] -> #DIV/0! | N39: =表格1_3[[#This Row],[共評平均]] -> #DIV/0! | O39: =表格1_3[[#This Row],[複評平均]] -> #DIV/0! | W39: 76.816667 | X39: 37
B40: 2321 | C40: 李昱鋐 | D40: 沖床組 | E40: 班長 | F40: 覃麗嬋 | G40: =表格1[[#This Row],[加權後總分]]-表格1[[#This Row],[獎懲分數]] -> #DIV/0! | H40: =IF(表格1[[#This Row],[不包含獎懲總分]]>=90,"A", IF(表格1[[#This Row],[不包含獎懲總分]]>=80,"B", IF(表格1[[#This Row],[不包含獎懲總分]]>=70,"C", IF(表格1[[#This Row],[不包含獎懲總分]]>=60,"D","E")))) -> #DIV/0! | I40: =_xlfn.RANK.EQ(G40,$G$2:$G$146,0) -> #DIV/0! | J40: =IF( AND(M40<>"",N40<>"",O40<>""), M40*20% + N40*50% + O40*30%, IF( AND(M40<>"",N40="",O40=""), M40, IF( AND(M40="",N40<>"",O40=""), N40, IF( AND(M40="",N40="",O40<>""), O40, IF( AND(M40<>"",N40<>"",O40=""), M40/(20%+50%)*20% + N40/(20%+50%)*50%, IF( AND(M40<>"",N40="",O40<>""), M40/(20%+30%)*20% + O40/(20%+30%)*30%, IF( AND(M40="",N40<>"",O40<>""), N40/(50%+30%)*50% + O40/(50%+30%)*30%, "" ) ) ) ) ) ) + V40 ) -> #DIV/0! | K40: =IF(J40>=90,"A", IF(J40>=77,"B", IF(J40>=70,"C", IF(J40>=60,"D","E")))) -> #DIV/0! | L40: =_xlfn.RANK.EQ(J40,$J$2:$J$146,0) -> #DIV/0! | M40: =表格1_3[[#This Row],[部內平均]] -> #DIV/0! | N40: =表格1_3[[#This Row],[共評平均]] -> #DIV/0! | O40: =表格1_3[[#This Row],[複評平均]] -> #DIV/0! | W40: 76.8 | X40: 38
A41: 現場 | B41: 2964 | C41: 蘇英輝 | D41: 沖床組 | E41: 技術員 | F41: 白惇維 | G41: =表格1[[#This Row],[加權後總分]]-表格1[[#This Row],[獎懲分數]] -> #DIV/0! | H41: =IF(表格1[[#This Row],[不包含獎懲總分]]>=90,"A", IF(表格1[[#This Row],[不包含獎懲總分]]>=80,"B", IF(表格1[[#This Row],[不包含獎懲總分]]>=70,"C", IF(表格1[[#This Row],[不包含獎懲總分]]>=60,"D","E")))) -> #DIV/0! | I41: =_xlfn.RANK.EQ(G41,$G$2:$G$146,0) -> #DIV/0! | J41: =IF( AND(M41<>"",N41<>"",O41<>""), M41*20% + N41*50% + O41*30%, IF( AND(M41<>"",N41="",O41=""), M41, IF( AND(M41="",N41<>"",O41=""), N41, IF( AND(M41="",N41="",O41<>""), O41, IF( AND(M41<>"",N41<>"",O41=""), M41/(20%+50%)*20% + N41/(20%+50%)*50%, IF( AND(M41<>"",N41="",O41<>""), M41/(20%+30%)*20% + O41/(20%+30%)*30%, IF( AND(M41="",N41<>"",O41<>""), N41/(50%+30%)*50% + O41/(50%+30%)*30%, "" ) ) ) ) ) ) + V41 ) -> #DIV/0! | K41: =IF(J41>=90,"A", IF(J41>=77,"B", IF(J41>=70,"C", IF(J41>=60,"D","E")))) -> #DIV/0! | L41: =_xlfn.RANK.EQ(J41,$J$2:$J$146,0) -> #DIV/0! | M41: =表格1_3[[#This Row],[部內平均]] -> #DIV/0! | O41: =表格1_3[[#This Row],[複評平均]] -> #DIV/0! | W41: 76.8 | X41: 39
A42: 移工 | B42: 2835 | C42: 阿塘 | D42: 沖床組 | E42: 技術員 | F42: 覃麗嬋 | G42: =表格1[[#This Row],[加權後總分]]-表格1[[#This Row],[獎懲分數]] -> #DIV/0! | H42: =IF(表格1[[#This Row],[不包含獎懲總分]]>=90,"A", IF(表格1[[#This Row],[不包含獎懲總分]]>=80,"B", IF(表格1[[#This Row],[不包含獎懲總分]]>=70,"C", IF(表格1[[#This Row],[不包含獎懲總分]]>=60,"D","E")))) -> #DIV/0! | I42: =_xlfn.RANK.EQ(G42,$G$2:$G$146,0) -> #DIV/0! | J42: =IF( AND(M42<>"",N42<>"",O42<>""), M42*20% + N42*50% + O42*30%, IF( AND(M42<>"",N42="",O42=""), M42, IF( AND(M42="",N42<>"",O42=""), N42, IF( AND(M42="",N42="",O42<>""), O42, IF( AND(M42<>"",N42<>"",O42=""), M42/(20%+50%)*20% + N42/(20%+50%)*50%, IF( AND(M42<>"",N42="",O42<>""), M42/(20%+30%)*20% + O42/(20%+30%)*30%, IF( AND(M42="",N42<>"",O42<>""), N42/(50%+30%)*50% + O42/(50%+30%)*30%, "" ) ) ) ) ) ) + V42 ) -> #DIV/0! | K42: =IF(J42>=90,"A", IF(J42>=77,"B", IF(J42>=70,"C", IF(J42>=60,"D","E")))) -> #DIV/0! | L42: =_xlfn.RANK.EQ(J42,$J$2:$J$146,0) -> #DIV/0! | M42: =表格1_3[[#This Row],[部內平均]] -> #DIV/0! | O42: =表格1_3[[#This Row],[複評平均]] -> #DIV/0! | W42: 76.4 | X42: 40
A43: 現場 | B43: 2404 | C43: 陳奕廷 | D43: 沖床組 | E43: 技術員 | F43: 覃麗嬋 | G43: =表格1[[#This Row],[加權後總分]]-表格1[[#This Row],[獎懲分數]] -> #DIV/0! | H43: =IF(表格1[[#This Row],[不包含獎懲總分]]>=90,"A", IF(表格1[[#This Row],[不包含獎懲總分]]>=80,"B", IF(表格1[[#This Row],[不包含獎懲總分]]>=70,"C", IF(表格1[[#This Row],[不包含獎懲總分]]>=60,"D","E")))) -> #DIV/0! | I43: =_xlfn.RANK.EQ(G43,$G$2:$G$146,0) -> #DIV/0! | J43: =IF( AND(M43<>"",N43<>"",O43<>""), M43*20% + N43*50% + O43*30%, IF( AND(M43<>"",N43="",O43=""), M43, IF( AND(M43="",N43<>"",O43=""), N43, IF( AND(M43="",N43="",O43<>""), O43, IF( AND(M43<>"",N43<>"",O43=""), M43/(20%+50%)*20% + N43/(20%+50%)*50%, IF( AND(M43<>"",N43="",O43<>""), M43/(20%+30%)*20% + O43/(20%+30%)*30%, IF( AND(M43="",N43<>"",O43<>""), N43/(50%+30%)*50% + O43/(50%+30%)*30%, "" ) ) ) ) ) ) + V43 ) -> #DIV/0! | K43: =IF(J43>=90,"A", IF(J43>=77,"B", IF(J43>=70,"C", IF(J43>=60,"D","E")))) -> #DIV/0! | L43: =_xlfn.RANK.EQ(J43,$J$2:$J$146,0) -> #DIV/0! | M43: =表格1_3[[#This Row],[部內平均]] -> #DIV/0! | O43: =表格1_3[[#This Row],[複評平均]] -> #DIV/0! | W43: 76.4 | X43: 41
B44: 3009 | C44: 王美婷 | D44: 財務部 | E44: 會計人員 | F44: 陳佳倫 | G44: =表格1[[#This Row],[加權後總分]]-表格1[[#This Row],[獎懲分數]] -> #DIV/0! | H44: =IF(表格1[[#This Row],[不包含獎懲總分]]>=90,"A", IF(表格1[[#This Row],[不包含獎懲總分]]>=80,"B", IF(表格1[[#This Row],[不包含獎懲總分]]>=70,"C", IF(表格1[[#This Row],[不包含獎懲總分]]>=60,"D","E")))) -> #DIV/0! | I44: =_xlfn.RANK.EQ(G44,$G$2:$G$146,0) -> #DIV/0! | J44: =IF( AND(M44<>"",N44<>"",O44<>""), M44*20% + N44*50% + O44*30%, IF( AND(M44<>"",N44="",O44=""), M44, IF( AND(M44="",N44<>"",O44=""), N44, IF( AND(M44="",N44="",O44<>""), O44, IF( AND(M44<>"",N44<>"",O44=""), M44/(20%+50%)*20% + N44/(20%+50%)*50%, IF( AND(M44<>"",N44="",O44<>""), M44/(20%+30%)*20% + O44/(20%+30%)*30%, IF( AND(M44="",N44<>"",O44<>""), N44/(50%+30%)*50% + O44/(50%+30%)*30%, "" ) ) ) ) ) ) + V44 ) -> #DIV/0! | K44: =IF(J44>=90,"A", IF(J44>=77,"B", IF(J44>=70,"C", IF(J44>=60,"D","E")))) -> #DIV/0! | L44: =_xlfn.RANK.EQ(J44,$J$2:$J$146,0) -> #DIV/0! | M44: =表格1_3[[#This Row],[部內平均]] -> #DIV/0! | N44: =表格1_3[[#This Row],[共評平均]] -> #DIV/0! | O44: =表格1_3[[#This Row],[複評平均]] -> #DIV/0! | W44: 76 | X44: 42
B45: 2911 | C45: 孫素琴 | D45: 財務部 | E45: 會計人員 | F45: 陳佳倫 | G45: =表格1[[#This Row],[加權後總分]]-表格1[[#This Row],[獎懲分數]] -> #DIV/0! | H45: =IF(表格1[[#This Row],[不包含獎懲總分]]>=90,"A", IF(表格1[[#This Row],[不包含獎懲總分]]>=80,"B", IF(表格1[[#This Row],[不包含獎懲總分]]>=70,"C", IF(表格1[[#This Row],[不包含獎懲總分]]>=60,"D","E")))) -> #DIV/0! | I45: =_xlfn.RANK.EQ(G45,$G$2:$G$146,0) -> #DIV/0! | J45: =IF( AND(M45<>"",N45<>"",O45<>""), M45*20% + N45*50% + O45*30%, IF( AND(M45<>"",N45="",O45=""), M45, IF( AND(M45="",N45<>"",O45=""), N45, IF( AND(M45="",N45="",O45<>""), O45, IF( AND(M45<>"",N45<>"",O45=""), M45/(20%+50%)*20% + N45/(20%+50%)*50%, IF( AND(M45<>"",N45="",O45<>""), M45/(20%+30%)*20% + O45/(20%+30%)*30%, IF( AND(M45="",N45<>"",O45<>""), N45/(50%+30%)*50% + O45/(50%+30%)*30%, "" ) ) ) ) ) ) + V45 ) -> #DIV/0! | K45: =IF(J45>=90,"A", IF(J45>=77,"B", IF(J45>=70,"C", IF(J45>=60,"D","E")))) -> #DIV/0! | L45: =_xlfn.RANK.EQ(J45,$J$2:$J$146,0) -> #DIV/0! | M45: =表格1_3[[#This Row],[部內平均]] -> #DIV/0! | N45: =表格1_3[[#This Row],[共評平均]] -> #DIV/0! | O45: =表格1_3[[#This Row],[複評平均]] -> #DIV/0! | W45: 76 | X45: 43
G46: =表格1[[#This Row],[加權後總分]]-表格1[[#This Row],[獎懲分數]] -> #DIV/0! | H46: =IF(表格1[[#This Row],[不包含獎懲總分]]>=90,"A", IF(表格1[[#This Row],[不包含獎懲總分]]>=80,"B", IF(表格1[[#This Row],[不包含獎懲總分]]>=70,"C", IF(表格1[[#This Row],[不包含獎懲總分]]>=60,"D","E")))) -> #DIV/0! | I46: =_xlfn.RANK.EQ(G46,$G$2:$G$146,0) -> #DIV/0! | J46: =IF( AND(M46<>"",N46<>"",O46<>""), M46*20% + N46*50% + O46*30%, IF( AND(M46<>"",N46="",O46=""), M46, IF( AND(M46="",N46<>"",O46=""), N46, IF( AND(M46="",N46="",O46<>""), O46, IF( AND(M46<>"",N46<>"",O46=""), M46/(20%+50%)*20% + N46/(20%+50%)*50%, IF( AND(M46<>"",N46="",O46<>""), M46/(20%+30%)*20% + O46/(20%+30%)*30%, IF( AND(M46="",N46<>"",O46<>""), N46/(50%+30%)*50% + O46/(50%+30%)*30%, "" ) ) ) ) ) ) + V46 ) -> #DIV/0! | K46: =IF(J46>=90,"A", IF(J46>=77,"B", IF(J46>=70,"C", IF(J46>=60,"D","E")))) -> #DIV/0! | L46: =_xlfn.RANK.EQ(J46,$J$2:$J$146,0) -> #DIV/0! | M46: =表格1_3[[#This Row],[部內平均]] -> #DIV/0! | N46: =表格1_3[[#This Row],[共評平均]] -> #DIV/0! | O46: =表格1_3[[#This Row],[複評平均]] -> #DIV/0!
B47: 2938 | C47: 陳燕華 | D47: 財務部 | E47: 會計人員 | F47: 陳佳倫 | G47: =表格1[[#This Row],[加權後總分]]-表格1[[#This Row],[獎懲分數]] -> #DIV/0! | H47: =IF(表格1[[#This Row],[不包含獎懲總分]]>=90,"A", IF(表格1[[#This Row],[不包含獎懲總分]]>=80,"B", IF(表格1[[#This Row],[不包含獎懲總分]]>=70,"C", IF(表格1[[#This Row],[不包含獎懲總分]]>=60,"D","E")))) -> #DIV/0! | I47: =_xlfn.RANK.EQ(G47,$G$2:$G$146,0) -> #DIV/0! | J47: =IF( AND(M47<>"",N47<>"",O47<>""), M47*20% + N47*50% + O47*30%, IF( AND(M47<>"",N47="",O47=""), M47, IF( AND(M47="",N47<>"",O47=""), N47, IF( AND(M47="",N47="",O47<>""), O47, IF( AND(M47<>"",N47<>"",O47=""), M47/(20%+50%)*20% + N47/(20%+50%)*50%, IF( AND(M47<>"",N47="",O47<>""), M47/(20%+30%)*20% + O47/(20%+30%)*30%, IF( AND(M47="",N47<>"",O47<>""), N47/(50%+30%)*50% + O47/(50%+30%)*30%, "" ) ) ) ) ) ) + V47 ) -> #DIV/0! | K47: =IF(J47>=90,"A", IF(J47>=77,"B", IF(J47>=70,"C", IF(J47>=60,"D","E")))) -> #DIV/0! | L47: =_xlfn.RANK.EQ(J47,$J$2:$J$146,0) -> #DIV/0! | M47: =表格1_3[[#This Row],[部內平均]] -> #DIV/0! | N47: =表格1_3[[#This Row],[共評平均]] -> #DIV/0! | O47: =表格1_3[[#This Row],[複評平均]] -> #DIV/0! | W47: 75.85 | X47: 45
G48: =表格1[[#This Row],[加權後總分]]-表格1[[#This Row],[獎懲分數]] -> #DIV/0! | H48: =IF(表格1[[#This Row],[不包含獎懲總分]]>=90,"A", IF(表格1[[#This Row],[不包含獎懲總分]]>=80,"B", IF(表格1[[#This Row],[不包含獎懲總分]]>=70,"C", IF(表格1[[#This Row],[不包含獎懲總分]]>=60,"D","E")))) -> #DIV/0! | I48: =_xlfn.RANK.EQ(G48,$G$2:$G$146,0) -> #DIV/0! | J48: =IF( AND(M48<>"",N48<>"",O48<>""), M48*20% + N48*50% + O48*30%, IF( AND(M48<>"",N48="",O48=""), M48, IF( AND(M48="",N48<>"",O48=""), N48, IF( AND(M48="",N48="",O48<>""), O48, IF( AND(M48<>"",N48<>"",O48=""), M48/(20%+50%)*20% + N48/(20%+50%)*50%, IF( AND(M48<>"",N48="",O48<>""), M48/(20%+30%)*20% + O48/(20%+30%)*30%, IF( AND(M48="",N48<>"",O48<>""), N48/(50%+30%)*50% + O48/(50%+30%)*30%, "" ) ) ) ) ) ) + V48 ) -> #DIV/0! | K48: =IF(J48>=90,"A", IF(J48>=77,"B", IF(J48>=70,"C", IF(J48>=60,"D","E")))) -> #DIV/0! | L48: =_xlfn.RANK.EQ(J48,$J$2:$J$146,0) -> #DIV/0! | M48: =表格1_3[[#This Row],[部內平均]] -> #DIV/0! | N48: =表格1_3[[#This Row],[共評平均]] -> #DIV/0! | O48: =表格1_3[[#This Row],[複評平均]] -> #DIV/0!
B49: 3011 | C49: 尤(禾云)棠 | D49: 資材課 | E49: 採購助理 | F49: 王秀雯 | G49: =表格1[[#This Row],[加權後總分]]-表格1[[#This Row],[獎懲分數]] -> #DIV/0! | H49: =IF(表格1[[#This Row],[不包含獎懲總分]]>=90,"A", IF(表格1[[#This Row],[不包含獎懲總分]]>=80,"B", IF(表格1[[#This Row],[不包含獎懲總分]]>=70,"C", IF(表格1[[#This Row],[不包含獎懲總分]]>=60,"D","E")))) -> #DIV/0! | I49: =_xlfn.RANK.EQ(G49,$G$2:$G$146,0) -> #DIV/0! | J49: =IF( AND(M49<>"",N49<>"",O49<>""), M49*20% + N49*50% + O49*30%, IF( AND(M49<>"",N49="",O49=""), M49, IF( AND(M49="",N49<>"",O49=""), N49, IF( AND(M49="",N49="",O49<>""), O49, IF( AND(M49<>"",N49<>"",O49=""), M49/(20%+50%)*20% + N49/(20%+50%)*50%, IF( AND(M49<>"",N49="",O49<>""), M49/(20%+30%)*20% + O49/(20%+30%)*30%, IF( AND(M49="",N49<>"",O49<>""), N49/(50%+30%)*50% + O49/(50%+30%)*30%, "" ) ) ) ) ) ) + V49 ) -> #DIV/0! | K49: =IF(J49>=90,"A", IF(J49>=77,"B", IF(J49>=70,"C", IF(J49>=60,"D","E")))) -> #DIV/0! | L49: =_xlfn.RANK.EQ(J49,$J$2:$J$146,0) -> #DIV/0! | M49: =表格1_3[[#This Row],[部內平均]] -> #DIV/0! | N49: =表格1_3[[#This Row],[共評平均]] -> #DIV/0! | O49: =表格1_3[[#This Row],[複評平均]] -> #DIV/0! | W49: 75.8 | X49: 47
A50: 外配 | B50: 2954 | C50: 傅文成 | D50: 資材課 | E50: 技術員 | F50: 白惇維 | G50: =表格1[[#This Row],[加權後總分]]-表格1[[#This Row],[獎懲分數]] -> #DIV/0! | H50: =IF(表格1[[#This Row],[不包含獎懲總分]]>=90,"A", IF(表格1[[#This Row],[不包含獎懲總分]]>=80,"B", IF(表格1[[#This Row],[不包含獎懲總分]]>=70,"C", IF(表格1[[#This Row],[不包含獎懲總分]]>=60,"D","E")))) -> #DIV/0! | I50: =_xlfn.RANK.EQ(G50,$G$2:$G$146,0) -> #DIV/0! | J50: =IF( AND(M50<>"",N50<>"",O50<>""), M50*20% + N50*50% + O50*30%, IF( AND(M50<>"",N50="",O50=""), M50, IF( AND(M50="",N50<>"",O50=""), N50, IF( AND(M50="",N50="",O50<>""), O50, IF( AND(M50<>"",N50<>"",O50=""), M50/(20%+50%)*20% + N50/(20%+50%)*50%, IF( AND(M50<>"",N50="",O50<>""), M50/(20%+30%)*20% + O50/(20%+30%)*30%, IF( AND(M50="",N50<>"",O50<>""), N50/(50%+30%)*50% + O50/(50%+30%)*30%, "" ) ) ) ) ) ) + V50 ) -> #DIV/0! | K50: =IF(J50>=90,"A", IF(J50>=77,"B", IF(J50>=70,"C", IF(J50>=60,"D","E")))) -> #DIV/0! | L50: =_xlfn.RANK.EQ(J50,$J$2:$J$146,0) -> #DIV/0! | M50: =表格1_3[[#This Row],[部內平均]] -> #DIV/0! | N50: =表格1_3[[#This Row],[共評平均]] -> #DIV/0! | O50: =表格1_3[[#This Row],[複評平均]] -> #DIV/0! | W50: 75.7 | X50: 48
B51: 2947 | C51: 羅文彥 | D51: 資材課 | E51: 堆高機員 | F51: 王秀雯 | G51: =表格1[[#This Row],[加權後總分]]-表格1[[#This Row],[獎懲分數]] -> #DIV/0! | H51: =IF(表格1[[#This Row],[不包含獎懲總分]]>=90,"A", IF(表格1[[#This Row],[不包含獎懲總分]]>=80,"B", IF(表格1[[#This Row],[不包含獎懲總分]]>=70,"C", IF(表格1[[#This Row],[不包含獎懲總分]]>=60,"D","E")))) -> #DIV/0! | I51: =_xlfn.RANK.EQ(G51,$G$2:$G$146,0) -> #DIV/0! | J51: =IF( AND(M51<>"",N51<>"",O51<>""), M51*20% + N51*50% + O51*30%, IF( AND(M51<>"",N51="",O51=""), M51, IF( AND(M51="",N51<>"",O51=""), N51, IF( AND(M51="",N51="",O51<>""), O51, IF( AND(M51<>"",N51<>"",O51=""), M51/(20%+50%)*20% + N51/(20%+50%)*50%, IF( AND(M51<>"",N51="",O51<>""), M51/(20%+30%)*20% + O51/(20%+30%)*30%, IF( AND(M51="",N51<>"",O51<>""), N51/(50%+30%)*50% + O51/(50%+30%)*30%, "" ) ) ) ) ) ) + V51 ) -> #DIV/0! | K51: =IF(J51>=90,"A", IF(J51>=77,"B", IF(J51>=70,"C", IF(J51>=60,"D","E")))) -> #DIV/0! | L51: =_xlfn.RANK.EQ(J51,$J$2:$J$146,0) -> #DIV/0! | M51: =表格1_3[[#This Row],[部內平均]] -> #DIV/0! | N51: =表格1_3[[#This Row],[共評平均]] -> #DIV/0! | O51: =表格1_3[[#This Row],[複評平均]] -> #DIV/0! | W51: 75.6 | X51: 49
B52: 2941 | C52: 郭惠婷 | D52: 資材課 | E52: 行政助理 | F52: 王秀雯 | G52: =表格1[[#This Row],[加權後總分]]-表格1[[#This Row],[獎懲分數]] -> #DIV/0! | H52: =IF(表格1[[#This Row],[不包含獎懲總分]]>=90,"A", IF(表格1[[#This Row],[不包含獎懲總分]]>=80,"B", IF(表格1[[#This Row],[不包含獎懲總分]]>=70,"C", IF(表格1[[#This Row],[不包含獎懲總分]]>=60,"D","E")))) -> #DIV/0! | I52: =_xlfn.RANK.EQ(G52,$G$2:$G$146,0) -> #DIV/0! | J52: =IF( AND(M52<>"",N52<>"",O52<>""), M52*20% + N52*50% + O52*30%, IF( AND(M52<>"",N52="",O52=""), M52, IF( AND(M52="",N52<>"",O52=""), N52, IF( AND(M52="",N52="",O52<>""), O52, IF( AND(M52<>"",N52<>"",O52=""), M52/(20%+50%)*20% + N52/(20%+50%)*50%, IF( AND(M52<>"",N52="",O52<>""), M52/(20%+30%)*20% + O52/(20%+30%)*30%, IF( AND(M52="",N52<>"",O52<>""), N52/(50%+30%)*50% + O52/(50%+30%)*30%, "" ) ) ) ) ) ) + V52 ) -> #DIV/0! | K52: =IF(J52>=90,"A", IF(J52>=77,"B", IF(J52>=70,"C", IF(J52>=60,"D","E")))) -> #DIV/0! | L52: =_xlfn.RANK.EQ(J52,$J$2:$J$146,0) -> #DIV/0! | M52: =表格1_3[[#This Row],[部內平均]] -> #DIV/0! | N52: =表格1_3[[#This Row],[共評平均]] -> #DIV/0! | O52: =表格1_3[[#This Row],[複評平均]] -> #DIV/0! | W52: 75.2 | X52: 50
G53: =表格1[[#This Row],[加權後總分]]-表格1[[#This Row],[獎懲分數]] -> #DIV/0! | H53: =IF(表格1[[#This Row],[不包含獎懲總分]]>=90,"A", IF(表格1[[#This Row],[不包含獎懲總分]]>=80,"B", IF(表格1[[#This Row],[不包含獎懲總分]]>=70,"C", IF(表格1[[#This Row],[不包含獎懲總分]]>=60,"D","E")))) -> #DIV/0! | I53: =_xlfn.RANK.EQ(G53,$G$2:$G$146,0) -> #DIV/0! | J53: =IF( AND(M53<>"",N53<>"",O53<>""), M53*20% + N53*50% + O53*30%, IF( AND(M53<>"",N53="",O53=""), M53, IF( AND(M53="",N53<>"",O53=""), N53, IF( AND(M53="",N53="",O53<>""), O53, IF( AND(M53<>"",N53<>"",O53=""), M53/(20%+50%)*20% + N53/(20%+50%)*50%, IF( AND(M53<>"",N53="",O53<>""), M53/(20%+30%)*20% + O53/(20%+30%)*30%, IF( AND(M53="",N53<>"",O53<>""), N53/(50%+30%)*50% + O53/(50%+30%)*30%, "" ) ) ) ) ) ) + V53 ) -> #DIV/0! | K53: =IF(J53>=90,"A", IF(J53>=77,"B", IF(J53>=70,"C", IF(J53>=60,"D","E")))) -> #DIV/0! | L53: =_xlfn.RANK.EQ(J53,$J$2:$J$146,0) -> #DIV/0! | M53: =表格1_3[[#This Row],[部內平均]] -> #DIV/0! | N53: =表格1_3[[#This Row],[共評平均]] -> #DIV/0! | O53: =表格1_3[[#This Row],[複評平均]] -> #DIV/0!
B54: 0890 | C54: 曾泓霖 | D54: 資材課 | E54: 組長 | F54: 陳佳倫 | G54: =表格1[[#This Row],[加權後總分]]-表格1[[#This Row],[獎懲分數]] -> #DIV/0! | H54: =IF(表格1[[#This Row],[不包含獎懲總分]]>=90,"A", IF(表格1[[#This Row],[不包含獎懲總分]]>=80,"B", IF(表格1[[#This Row],[不包含獎懲總分]]>=70,"C", IF(表格1[[#This Row],[不包含獎懲總分]]>=60,"D","E")))) -> #DIV/0! | I54: =_xlfn.RANK.EQ(G54,$G$2:$G$146,0) -> #DIV/0! | J54: =IF( AND(M54<>"",N54<>"",O54<>""), M54*20% + N54*50% + O54*30%, IF( AND(M54<>"",N54="",O54=""), M54, IF( AND(M54="",N54<>"",O54=""), N54, IF( AND(M54="",N54="",O54<>""), O54, IF( AND(M54<>"",N54<>"",O54=""), M54/(20%+50%)*20% + N54/(20%+50%)*50%, IF( AND(M54<>"",N54="",O54<>""), M54/(20%+30%)*20% + O54/(20%+30%)*30%, IF( AND(M54="",N54<>"",O54<>""), N54/(50%+30%)*50% + O54/(50%+30%)*30%, "" ) ) ) ) ) ) + V54 ) -> #DIV/0! | K54: =IF(J54>=90,"A", IF(J54>=77,"B", IF(J54>=70,"C", IF(J54>=60,"D","E")))) -> #DIV/0! | L54: =_xlfn.RANK.EQ(J54,$J$2:$J$146,0) -> #DIV/0! | M54: =表格1_3[[#This Row],[部內平均]] -> #DIV/0! | N54: =表格1_3[[#This Row],[共評平均]] -> #DIV/0! | O54: =表格1_3[[#This Row],[複評平均]] -> #DIV/0! | W54: 74.826667 | X54: 52
B55: 2091 | C55: 陳惠萍 | D55: 資材課 | E55: 組長 | F55: 王秀雯 | G55: =表格1[[#This Row],[加權後總分]]-表格1[[#This Row],[獎懲分數]] -> #DIV/0! | H55: =IF(表格1[[#This Row],[不包含獎懲總分]]>=90,"A", IF(表格1[[#This Row],[不包含獎懲總分]]>=80,"B", IF(表格1[[#This Row],[不包含獎懲總分]]>=70,"C", IF(表格1[[#This Row],[不包含獎懲總分]]>=60,"D","E")))) -> #DIV/0! | I55: =_xlfn.RANK.EQ(G55,$G$2:$G$146,0) -> #DIV/0! | J55: =IF( AND(M55<>"",N55<>"",O55<>""), M55*20% + N55*50% + O55*30%, IF( AND(M55<>"",N55="",O55=""), M55, IF( AND(M55="",N55<>"",O55=""), N55, IF( AND(M55="",N55="",O55<>""), O55, IF( AND(M55<>"",N55<>"",O55=""), M55/(20%+50%)*20% + N55/(20%+50%)*50%, IF( AND(M55<>"",N55="",O55<>""), M55/(20%+30%)*20% + O55/(20%+30%)*30%, IF( AND(M55="",N55<>"",O55<>""), N55/(50%+30%)*50% + O55/(50%+30%)*30%, "" ) ) ) ) ) ) + V55 ) -> #DIV/0! | K55: =IF(J55>=90,"A", IF(J55>=77,"B", IF(J55>=70,"C", IF(J55>=60,"D","E")))) -> #DIV/0! | L55: =_xlfn.RANK.EQ(J55,$J$2:$J$146,0) -> #DIV/0! | M55: =表格1_3[[#This Row],[部內平均]] -> #DIV/0! | N55: =表格1_3[[#This Row],[共評平均]] -> #DIV/0! | O55: =表格1_3[[#This Row],[複評平均]] -> #DIV/0! | W55: 74.8 | X55: 53
B56: 0193 | C56: 石容瑄 | D56: 資材課 | E56: 助理專員 | F56: 王秀雯 | G56: =表格1[[#This Row],[加權後總分]]-表格1[[#This Row],[獎懲分數]] -> #DIV/0! | H56: =IF(表格1[[#This Row],[不包含獎懲總分]]>=90,"A", IF(表格1[[#This Row],[不包含獎懲總分]]>=80,"B", IF(表格1[[#This Row],[不包含獎懲總分]]>=70,"C", IF(表格1[[#This Row],[不包含獎懲總分]]>=60,"D","E")))) -> #DIV/0! | I56: =_xlfn.RANK.EQ(G56,$G$2:$G$146,0) -> #DIV/0! | J56: =IF( AND(M56<>"",N56<>"",O56<>""), M56*20% + N56*50% + O56*30%, IF( AND(M56<>"",N56="",O56=""), M56, IF( AND(M56="",N56<>"",O56=""), N56, IF( AND(M56="",N56="",O56<>""), O56, IF( AND(M56<>"",N56<>"",O56=""), M56/(20%+50%)*20% + N56/(20%+50%)*50%, IF( AND(M56<>"",N56="",O56<>""), M56/(20%+30%)*20% + O56/(20%+30%)*30%, IF( AND(M56="",N56<>"",O56<>""), N56/(50%+30%)*50% + O56/(50%+30%)*30%, "" ) ) ) ) ) ) + V56 ) -> #DIV/0! | K56: =IF(J56>=90,"A", IF(J56>=77,"B", IF(J56>=70,"C", IF(J56>=60,"D","E")))) -> #DIV/0! | L56: =_xlfn.RANK.EQ(J56,$J$2:$J$146,0) -> #DIV/0! | M56: =表格1_3[[#This Row],[部內平均]] -> #DIV/0! | N56: =表格1_3[[#This Row],[共評平均]] -> #DIV/0! | O56: =表格1_3[[#This Row],[複評平均]] -> #DIV/0! | W56: 74.733333 | X56: 54
G57: =表格1[[#This Row],[加權後總分]]-表格1[[#This Row],[獎懲分數]] -> #DIV/0! | H57: =IF(表格1[[#This Row],[不包含獎懲總分]]>=90,"A", IF(表格1[[#This Row],[不包含獎懲總分]]>=80,"B", IF(表格1[[#This Row],[不包含獎懲總分]]>=70,"C", IF(表格1[[#This Row],[不包含獎懲總分]]>=60,"D","E")))) -> #DIV/0! | I57: =_xlfn.RANK.EQ(G57,$G$2:$G$146,0) -> #DIV/0! | J57: =IF( AND(M57<>"",N57<>"",O57<>""), M57*20% + N57*50% + O57*30%, IF( AND(M57<>"",N57="",O57=""), M57, IF( AND(M57="",N57<>"",O57=""), N57, IF( AND(M57="",N57="",O57<>""), O57, IF( AND(M57<>"",N57<>"",O57=""), M57/(20%+50%)*20% + N57/(20%+50%)*50%, IF( AND(M57<>"",N57="",O57<>""), M57/(20%+30%)*20% + O57/(20%+30%)*30%, IF( AND(M57="",N57<>"",O57<>""), N57/(50%+30%)*50% + O57/(50%+30%)*30%, "" ) ) ) ) ) ) + V57 ) -> #DIV/0! | K57: =IF(J57>=90,"A", IF(J57>=77,"B", IF(J57>=70,"C", IF(J57>=60,"D","E")))) -> #DIV/0! | L57: =_xlfn.RANK.EQ(J57,$J$2:$J$146,0) -> #DIV/0! | M57: =表格1_3[[#This Row],[部內平均]] -> #DIV/0! | N57: =表格1_3[[#This Row],[共評平均]] -> #DIV/0! | O57: =表格1_3[[#This Row],[複評平均]] -> #DIV/0!
B58: 2057 | C58: 王秀雯 | D58: 資材課 | E58: 副課長 | F58: 鄭景文 | G58: =表格1[[#This Row],[加權後總分]]-表格1[[#This Row],[獎懲分數]] -> #DIV/0! | H58: =IF(表格1[[#This Row],[不包含獎懲總分]]>=90,"A", IF(表格1[[#This Row],[不包含獎懲總分]]>=80,"B", IF(表格1[[#This Row],[不包含獎懲總分]]>=70,"C", IF(表格1[[#This Row],[不包含獎懲總分]]>=60,"D","E")))) -> #DIV/0! | I58: =_xlfn.RANK.EQ(G58,$G$2:$G$146,0) -> #DIV/0! | J58: =IF( AND(M58<>"",N58<>"",O58<>""), M58*20% + N58*50% + O58*30%, IF( AND(M58<>"",N58="",O58=""), M58, IF( AND(M58="",N58<>"",O58=""), N58, IF( AND(M58="",N58="",O58<>""), O58, IF( AND(M58<>"",N58<>"",O58=""), M58/(20%+50%)*20% + N58/(20%+50%)*50%, IF( AND(M58<>"",N58="",O58<>""), M58/(20%+30%)*20% + O58/(20%+30%)*30%, IF( AND(M58="",N58<>"",O58<>""), N58/(50%+30%)*50% + O58/(50%+30%)*30%, "" ) ) ) ) ) ) + V58 ) -> #DIV/0! | K58: =IF(J58>=90,"A", IF(J58>=77,"B", IF(J58>=70,"C", IF(J58>=60,"D","E")))) -> #DIV/0! | L58: =_xlfn.RANK.EQ(J58,$J$2:$J$146,0) -> #DIV/0! | M58: =表格1_3[[#This Row],[部內平均]] -> #DIV/0! | N58: =表格1_3[[#This Row],[共評平均]] -> #DIV/0! | O58: =表格1_3[[#This Row],[複評平均]] -> #DIV/0! | W58: 74.6 | X58: 56
B59: 2798 | C59: 陳巧倫 | D59: 資材課 | E59: 助理 | F59: 王秀雯 | G59: =表格1[[#This Row],[加權後總分]]-表格1[[#This Row],[獎懲分數]] -> #DIV/0! | H59: =IF(表格1[[#This Row],[不包含獎懲總分]]>=90,"A", IF(表格1[[#This Row],[不包含獎懲總分]]>=80,"B", IF(表格1[[#This Row],[不包含獎懲總分]]>=70,"C", IF(表格1[[#This Row],[不包含獎懲總分]]>=60,"D","E")))) -> #DIV/0! | I59: =_xlfn.RANK.EQ(G59,$G$2:$G$146,0) -> #DIV/0! | J59: =IF( AND(M59<>"",N59<>"",O59<>""), M59*20% + N59*50% + O59*30%, IF( AND(M59<>"",N59="",O59=""), M59, IF( AND(M59="",N59<>"",O59=""), N59, IF( AND(M59="",N59="",O59<>""), O59, IF( AND(M59<>"",N59<>"",O59=""), M59/(20%+50%)*20% + N59/(20%+50%)*50%, IF( AND(M59<>"",N59="",O59<>""), M59/(20%+30%)*20% + O59/(20%+30%)*30%, IF( AND(M59="",N59<>"",O59<>""), N59/(50%+30%)*50% + O59/(50%+30%)*30%, "" ) ) ) ) ) ) + V59 ) -> #DIV/0! | K59: =IF(J59>=90,"A", IF(J59>=77,"B", IF(J59>=70,"C", IF(J59>=60,"D","E")))) -> #DIV/0! | L59: =_xlfn.RANK.EQ(J59,$J$2:$J$146,0) -> #DIV/0! | M59: =表格1_3[[#This Row],[部內平均]] -> #DIV/0! | N59: =表格1_3[[#This Row],[共評平均]] -> #DIV/0! | O59: =表格1_3[[#This Row],[複評平均]] -> #DIV/0! | W59: 74.4 | X59: 57
B60: 2664 | C60: 楊心恬 | D60: 資材課 | E60: 技術員 | F60: 王秀雯 | G60: =表格1[[#This Row],[加權後總分]]-表格1[[#This Row],[獎懲分數]] -> #DIV/0! | H60: =IF(表格1[[#This Row],[不包含獎懲總分]]>=90,"A", IF(表格1[[#This Row],[不包含獎懲總分]]>=80,"B", IF(表格1[[#This Row],[不包含獎懲總分]]>=70,"C", IF(表格1[[#This Row],[不包含獎懲總分]]>=60,"D","E")))) -> #DIV/0! | I60: =_xlfn.RANK.EQ(G60,$G$2:$G$146,0) -> #DIV/0! | J60: =IF( AND(M60<>"",N60<>"",O60<>""), M60*20% + N60*50% + O60*30%, IF( AND(M60<>"",N60="",O60=""), M60, IF( AND(M60="",N60<>"",O60=""), N60, IF( AND(M60="",N60="",O60<>""), O60, IF( AND(M60<>"",N60<>"",O60=""), M60/(20%+50%)*20% + N60/(20%+50%)*50%, IF( AND(M60<>"",N60="",O60<>""), M60/(20%+30%)*20% + O60/(20%+30%)*30%, IF( AND(M60="",N60<>"",O60<>""), N60/(50%+30%)*50% + O60/(50%+30%)*30%, "" ) ) ) ) ) ) + V60 ) -> #DIV/0! | K60: =IF(J60>=90,"A", IF(J60>=77,"B", IF(J60>=70,"C", IF(J60>=60,"D","E")))) -> #DIV/0! | L60: =_xlfn.RANK.EQ(J60,$J$2:$J$146,0) -> #DIV/0! | M60: =表格1_3[[#This Row],[部內平均]] -> #DIV/0! | N60: =表格1_3[[#This Row],[共評平均]] -> #DIV/0! | O60: =表格1_3[[#This Row],[複評平均]] -> #DIV/0! | W60: 74.2 | X60: 58
B61: 2706 | C61: 林德和 | D61: 資材課 | E61: 技術員 | F61: 王秀雯 | G61: =表格1[[#This Row],[加權後總分]]-表格1[[#This Row],[獎懲分數]] -> #DIV/0! | H61: =IF(表格1[[#This Row],[不包含獎懲總分]]>=90,"A", IF(表格1[[#This Row],[不包含獎懲總分]]>=80,"B", IF(表格1[[#This Row],[不包含獎懲總分]]>=70,"C", IF(表格1[[#This Row],[不包含獎懲總分]]>=60,"D","E")))) -> #DIV/0! | I61: =_xlfn.RANK.EQ(G61,$G$2:$G$146,0) -> #DIV/0! | J61: =IF( AND(M61<>"",N61<>"",O61<>""), M61*20% + N61*50% + O61*30%, IF( AND(M61<>"",N61="",O61=""), M61, IF( AND(M61="",N61<>"",O61=""), N61, IF( AND(M61="",N61="",O61<>""), O61, IF( AND(M61<>"",N61<>"",O61=""), M61/(20%+50%)*20% + N61/(20%+50%)*50%, IF( AND(M61<>"",N61="",O61<>""), M61/(20%+30%)*20% + O61/(20%+30%)*30%, IF( AND(M61="",N61<>"",O61<>""), N61/(50%+30%)*50% + O61/(50%+30%)*30%, "" ) ) ) ) ) ) + V61 ) -> #DIV/0! | K61: =IF(J61>=90,"A", IF(J61>=77,"B", IF(J61>=70,"C", IF(J61>=60,"D","E")))) -> #DIV/0! | L61: =_xlfn.RANK.EQ(J61,$J$2:$J$146,0) -> #DIV/0! | M61: =表格1_3[[#This Row],[部內平均]] -> #DIV/0! | N61: =表格1_3[[#This Row],[共評平均]] -> #DIV/0! | O61: =表格1_3[[#This Row],[複評平均]] -> #DIV/0! | W61: 74.2 | X61: 59
B62: 1861 | C62: 戴曜瑋 | D62: 資材課 | E62: 技術員 | F62: 王秀雯 | G62: =表格1[[#This Row],[加權後總分]]-表格1[[#This Row],[獎懲分數]] -> #DIV/0! | H62: =IF(表格1[[#This Row],[不包含獎懲總分]]>=90,"A", IF(表格1[[#This Row],[不包含獎懲總分]]>=80,"B", IF(表格1[[#This Row],[不包含獎懲總分]]>=70,"C", IF(表格1[[#This Row],[不包含獎懲總分]]>=60,"D","E")))) -> #DIV/0! | I62: =_xlfn.RANK.EQ(G62,$G$2:$G$146,0) -> #DIV/0! | J62: =IF( AND(M62<>"",N62<>"",O62<>""), M62*20% + N62*50% + O62*30%, IF( AND(M62<>"",N62="",O62=""), M62, IF( AND(M62="",N62<>"",O62=""), N62, IF( AND(M62="",N62="",O62<>""), O62, IF( AND(M62<>"",N62<>"",O62=""), M62/(20%+50%)*20% + N62/(20%+50%)*50%, IF( AND(M62<>"",N62="",O62<>""), M62/(20%+30%)*20% + O62/(20%+30%)*30%, IF( AND(M62="",N62<>"",O62<>""), N62/(50%+30%)*50% + O62/(50%+30%)*30%, "" ) ) ) ) ) ) + V62 ) -> #DIV/0! | K62: =IF(J62>=90,"A", IF(J62>=77,"B", IF(J62>=70,"C", IF(J62>=60,"D","E")))) -> #DIV/0! | L62: =_xlfn.RANK.EQ(J62,$J$2:$J$146,0) -> #DIV/0! | M62: =表格1_3[[#This Row],[部內平均]] -> #DIV/0! | N62: =表格1_3[[#This Row],[共評平均]] -> #DIV/0! | O62: =表格1_3[[#This Row],[複評平均]] -> #DIV/0! | W62: 74 | X62: 60
A63: 移工 | B63: 2200 | C63: 清馬拉 | D63: 資材課 | E63: 技術員 | F63: 王秀雯 | G63: =表格1[[#This Row],[加權後總分]]-表格1[[#This Row],[獎懲分數]] -> #DIV/0! | H63: =IF(表格1[[#This Row],[不包含獎懲總分]]>=90,"A", IF(表格1[[#This Row],[不包含獎懲總分]]>=80,"B", IF(表格1[[#This Row],[不包含獎懲總分]]>=70,"C", IF(表格1[[#This Row],[不包含獎懲總分]]>=60,"D","E")))) -> #DIV/0! | I63: =_xlfn.RANK.EQ(G63,$G$2:$G$146,0) -> #DIV/0! | J63: =IF( AND(M63<>"",N63<>"",O63<>""), M63*20% + N63*50% + O63*30%, IF( AND(M63<>"",N63="",O63=""), M63, IF( AND(M63="",N63<>"",O63=""), N63, IF( AND(M63="",N63="",O63<>""), O63, IF( AND(M63<>"",N63<>"",O63=""), M63/(20%+50%)*20% + N63/(20%+50%)*50%, IF( AND(M63<>"",N63="",O63<>""), M63/(20%+30%)*20% + O63/(20%+30%)*30%, IF( AND(M63="",N63<>"",O63<>""), N63/(50%+30%)*50% + O63/(50%+30%)*30%, "" ) ) ) ) ) ) + V63 ) -> #DIV/0! | K63: =IF(J63>=90,"A", IF(J63>=77,"B", IF(J63>=70,"C", IF(J63>=60,"D","E")))) -> #DIV/0! | L63: =_xlfn.RANK.EQ(J63,$J$2:$J$146,0) -> #DIV/0! | M63: =表格1_3[[#This Row],[部內平均]] -> #DIV/0! | N63: =表格1_3[[#This Row],[共評平均]] -> #DIV/0! | O63: =表格1_3[[#This Row],[複評平均]] -> #DIV/0! | W63: 73.8 | X63: 61
B64: 2548 | C64: 尤念萍 | D64: 資材課 | E64: 班長 | F64: 王秀雯 | G64: =表格1[[#This Row],[加權後總分]]-表格1[[#This Row],[獎懲分數]] -> #DIV/0! | H64: =IF(表格1[[#This Row],[不包含獎懲總分]]>=90,"A", IF(表格1[[#This Row],[不包含獎懲總分]]>=80,"B", IF(表格1[[#This Row],[不包含獎懲總分]]>=70,"C", IF(表格1[[#This Row],[不包含獎懲總分]]>=60,"D","E")))) -> #DIV/0! | I64: =_xlfn.RANK.EQ(G64,$G$2:$G$146,0) -> #DIV/0! | J64: =IF( AND(M64<>"",N64<>"",O64<>""), M64*20% + N64*50% + O64*30%, IF( AND(M64<>"",N64="",O64=""), M64, IF( AND(M64="",N64<>"",O64=""), N64, IF( AND(M64="",N64="",O64<>""), O64, IF( AND(M64<>"",N64<>"",O64=""), M64/(20%+50%)*20% + N64/(20%+50%)*50%, IF( AND(M64<>"",N64="",O64<>""), M64/(20%+30%)*20% + O64/(20%+30%)*30%, IF( AND(M64="",N64<>"",O64<>""), N64/(50%+30%)*50% + O64/(50%+30%)*30%, "" ) ) ) ) ) ) + V64 ) -> #DIV/0! | K64: =IF(J64>=90,"A", IF(J64>=77,"B", IF(J64>=70,"C", IF(J64>=60,"D","E")))) -> #DIV/0! | L64: =_xlfn.RANK.EQ(J64,$J$2:$J$146,0) -> #DIV/0! | M64: =表格1_3[[#This Row],[部內平均]] -> #DIV/0! | N64: =表格1_3[[#This Row],[共評平均]] -> #DIV/0! | O64: =表格1_3[[#This Row],[複評平均]] -> #DIV/0! | W64: 73.8 | X64: 62
B65: 2564 | C65: 陳孟怡 | D65: 資材課 | E65: 助理 | F65: 陳惠萍 | G65: =表格1[[#This Row],[加權後總分]]-表格1[[#This Row],[獎懲分數]] -> #DIV/0! | H65: =IF(表格1[[#This Row],[不包含獎懲總分]]>=90,"A", IF(表格1[[#This Row],[不包含獎懲總分]]>=80,"B", IF(表格1[[#This Row],[不包含獎懲總分]]>=70,"C", IF(表格1[[#This Row],[不包含獎懲總分]]>=60,"D","E")))) -> #DIV/0! | I65: =_xlfn.RANK.EQ(G65,$G$2:$G$146,0) -> #DIV/0! | J65: =IF( AND(M65<>"",N65<>"",O65<>""), M65*20% + N65*50% + O65*30%, IF( AND(M65<>"",N65="",O65=""), M65, IF( AND(M65="",N65<>"",O65=""), N65, IF( AND(M65="",N65="",O65<>""), O65, IF( AND(M65<>"",N65<>"",O65=""), M65/(20%+50%)*20% + N65/(20%+50%)*50%, IF( AND(M65<>"",N65="",O65<>""), M65/(20%+30%)*20% + O65/(20%+30%)*30%, IF( AND(M65="",N65<>"",O65<>""), N65/(50%+30%)*50% + O65/(50%+30%)*30%, "" ) ) ) ) ) ) + V65 ) -> #DIV/0! | K65: =IF(J65>=90,"A", IF(J65>=77,"B", IF(J65>=70,"C", IF(J65>=60,"D","E")))) -> #DIV/0! | L65: =_xlfn.RANK.EQ(J65,$J$2:$J$146,0) -> #DIV/0! | M65: =表格1_3[[#This Row],[部內平均]] -> #DIV/0! | N65: =表格1_3[[#This Row],[共評平均]] -> #DIV/0! | O65: =表格1_3[[#This Row],[複評平均]] -> #DIV/0! | W65: 73.6 | X65: 63
A66: 移工 | B66: 1172 | C66: 吉實達 | D66: 組二組 | E66: 組長 | F66: 楊玉鳳 | G66: =表格1[[#This Row],[加權後總分]]-表格1[[#This Row],[獎懲分數]] -> #DIV/0! | H66: =IF(表格1[[#This Row],[不包含獎懲總分]]>=90,"A", IF(表格1[[#This Row],[不包含獎懲總分]]>=80,"B", IF(表格1[[#This Row],[不包含獎懲總分]]>=70,"C", IF(表格1[[#This Row],[不包含獎懲總分]]>=60,"D","E")))) -> #DIV/0! | I66: =_xlfn.RANK.EQ(G66,$G$2:$G$146,0) -> #DIV/0! | J66: =IF( AND(M66<>"",N66<>"",O66<>""), M66*20% + N66*50% + O66*30%, IF( AND(M66<>"",N66="",O66=""), M66, IF( AND(M66="",N66<>"",O66=""), N66, IF( AND(M66="",N66="",O66<>""), O66, IF( AND(M66<>"",N66<>"",O66=""), M66/(20%+50%)*20% + N66/(20%+50%)*50%, IF( AND(M66<>"",N66="",O66<>""), M66/(20%+30%)*20% + O66/(20%+30%)*30%, IF( AND(M66="",N66<>"",O66<>""), N66/(50%+30%)*50% + O66/(50%+30%)*30%, "" ) ) ) ) ) ) + V66 ) -> #DIV/0! | K66: =IF(J66>=90,"A", IF(J66>=77,"B", IF(J66>=70,"C", IF(J66>=60,"D","E")))) -> #DIV/0! | L66: =_xlfn.RANK.EQ(J66,$J$2:$J$146,0) -> #DIV/0! | M66: =表格1_3[[#This Row],[部內平均]] -> #DIV/0! | N66: =表格1_3[[#This Row],[共評平均]] -> #DIV/0! | O66: =表格1_3[[#This Row],[複評平均]] -> #DIV/0! | W66: 73.5 | X66: 64
A67: 現場 | B67: 2309 | C67: 潘盈蓁 | D67: 組二組 | E67: 技術員 | F67: 楊玉鳳 | G67: =表格1[[#This Row],[加權後總分]]-表格1[[#This Row],[獎懲分數]] -> #DIV/0! | H67: =IF(表格1[[#This Row],[不包含獎懲總分]]>=90,"A", IF(表格1[[#This Row],[不包含獎懲總分]]>=80,"B", IF(表格1[[#This Row],[不包含獎懲總分]]>=70,"C", IF(表格1[[#This Row],[不包含獎懲總分]]>=60,"D","E")))) -> #DIV/0! | I67: =_xlfn.RANK.EQ(G67,$G$2:$G$146,0) -> #DIV/0! | J67: =IF( AND(M67<>"",N67<>"",O67<>""), M67*20% + N67*50% + O67*30%, IF( AND(M67<>"",N67="",O67=""), M67, IF( AND(M67="",N67<>"",O67=""), N67, IF( AND(M67="",N67="",O67<>""), O67, IF( AND(M67<>"",N67<>"",O67=""), M67/(20%+50%)*20% + N67/(20%+50%)*50%, IF( AND(M67<>"",N67="",O67<>""), M67/(20%+30%)*20% + O67/(20%+30%)*30%, IF( AND(M67="",N67<>"",O67<>""), N67/(50%+30%)*50% + O67/(50%+30%)*30%, "" ) ) ) ) ) ) + V67 ) -> #DIV/0! | K67: =IF(J67>=90,"A", IF(J67>=77,"B", IF(J67>=70,"C", IF(J67>=60,"D","E")))) -> #DIV/0! | L67: =_xlfn.RANK.EQ(J67,$J$2:$J$146,0) -> #DIV/0! | M67: =表格1_3[[#This Row],[部內平均]] -> #DIV/0! | N67: =表格1_3[[#This Row],[共評平均]] -> #DIV/0! | O67: =表格1_3[[#This Row],[複評平均]] -> #DIV/0! | W67: 73.275 | X67: 65
B68: 2699 | C68: 紀佩欣 | D68: 組二組 | E68: 副組長 | F68: 楊玉鳳 | G68: =表格1[[#This Row],[加權後總分]]-表格1[[#This Row],[獎懲分數]] -> #DIV/0! | H68: =IF(表格1[[#This Row],[不包含獎懲總分]]>=90,"A", IF(表格1[[#This Row],[不包含獎懲總分]]>=80,"B", IF(表格1[[#This Row],[不包含獎懲總分]]>=70,"C", IF(表格1[[#This Row],[不包含獎懲總分]]>=60,"D","E")))) -> #DIV/0! | I68: =_xlfn.RANK.EQ(G68,$G$2:$G$146,0) -> #DIV/0! | J68: =IF( AND(M68<>"",N68<>"",O68<>""), M68*20% + N68*50% + O68*30%, IF( AND(M68<>"",N68="",O68=""), M68, IF( AND(M68="",N68<>"",O68=""), N68, IF( AND(M68="",N68="",O68<>""), O68, IF( AND(M68<>"",N68<>"",O68=""), M68/(20%+50%)*20% + N68/(20%+50%)*50%, IF( AND(M68<>"",N68="",O68<>""), M68/(20%+30%)*20% + O68/(20%+30%)*30%, IF( AND(M68="",N68<>"",O68<>""), N68/(50%+30%)*50% + O68/(50%+30%)*30%, "" ) ) ) ) ) ) + V68 ) -> #DIV/0! | K68: =IF(J68>=90,"A", IF(J68>=77,"B", IF(J68>=70,"C", IF(J68>=60,"D","E")))) -> #DIV/0! | L68: =_xlfn.RANK.EQ(J68,$J$2:$J$146,0) -> #DIV/0! | M68: =表格1_3[[#This Row],[部內平均]] -> #DIV/0! | N68: =表格1_3[[#This Row],[共評平均]] -> #DIV/0! | O68: =表格1_3[[#This Row],[複評平均]] -> #DIV/0! | W68: 73.2 | X68: 66
G69: =表格1[[#This Row],[加權後總分]]-表格1[[#This Row],[獎懲分數]] -> #DIV/0! | H69: =IF(表格1[[#This Row],[不包含獎懲總分]]>=90,"A", IF(表格1[[#This Row],[不包含獎懲總分]]>=80,"B", IF(表格1[[#This Row],[不包含獎懲總分]]>=70,"C", IF(表格1[[#This Row],[不包含獎懲總分]]>=60,"D","E")))) -> #DIV/0! | I69: =_xlfn.RANK.EQ(G69,$G$2:$G$146,0) -> #DIV/0! | J69: =IF( AND(M69<>"",N69<>"",O69<>""), M69*20% + N69*50% + O69*30%, IF( AND(M69<>"",N69="",O69=""), M69, IF( AND(M69="",N69<>"",O69=""), N69, IF( AND(M69="",N69="",O69<>""), O69, IF( AND(M69<>"",N69<>"",O69=""), M69/(20%+50%)*20% + N69/(20%+50%)*50%, IF( AND(M69<>"",N69="",O69<>""), M69/(20%+30%)*20% + O69/(20%+30%)*30%, IF( AND(M69="",N69<>"",O69<>""), N69/(50%+30%)*50% + O69/(50%+30%)*30%, "" ) ) ) ) ) ) + V69 ) -> #DIV/0! | K69: =IF(J69>=90,"A", IF(J69>=77,"B", IF(J69>=70,"C", IF(J69>=60,"D","E")))) -> #DIV/0! | L69: =_xlfn.RANK.EQ(J69,$J$2:$J$146,0) -> #DIV/0! | M69: =表格1_3[[#This Row],[部內平均]] -> #DIV/0! | N69: =表格1_3[[#This Row],[共評平均]] -> #DIV/0! | O69: =表格1_3[[#This Row],[複評平均]] -> #DIV/0!
G70: =表格1[[#This Row],[加權後總分]]-表格1[[#This Row],[獎懲分數]] -> #DIV/0! | H70: =IF(表格1[[#This Row],[不包含獎懲總分]]>=90,"A", IF(表格1[[#This Row],[不包含獎懲總分]]>=80,"B", IF(表格1[[#This Row],[不包含獎懲總分]]>=70,"C", IF(表格1[[#This Row],[不包含獎懲總分]]>=60,"D","E")))) -> #DIV/0! | I70: =_xlfn.RANK.EQ(G70,$G$2:$G$146,0) -> #DIV/0! | J70: =IF( AND(M70<>"",N70<>"",O70<>""), M70*20% + N70*50% + O70*30%, IF( AND(M70<>"",N70="",O70=""), M70, IF( AND(M70="",N70<>"",O70=""), N70, IF( AND(M70="",N70="",O70<>""), O70, IF( AND(M70<>"",N70<>"",O70=""), M70/(20%+50%)*20% + N70/(20%+50%)*50%, IF( AND(M70<>"",N70="",O70<>""), M70/(20%+30%)*20% + O70/(20%+30%)*30%, IF( AND(M70="",N70<>"",O70<>""), N70/(50%+30%)*50% + O70/(50%+30%)*30%, "" ) ) ) ) ) ) + V70 ) -> #DIV/0! | K70: =IF(J70>=90,"A", IF(J70>=77,"B", IF(J70>=70,"C", IF(J70>=60,"D","E")))) -> #DIV/0! | L70: =_xlfn.RANK.EQ(J70,$J$2:$J$146,0) -> #DIV/0! | M70: =表格1_3[[#This Row],[部內平均]] -> #DIV/0! | N70: =表格1_3[[#This Row],[共評平均]] -> #DIV/0! | O70: =表格1_3[[#This Row],[複評平均]] -> #DIV/0!
A71: 移工 | B71: 2870 | C71: 姜威藍 | D71: 組二組 | E71: 技術員 | F71: 周清家 | G71: =表格1[[#This Row],[加權後總分]]-表格1[[#This Row],[獎懲分數]] -> #DIV/0! | H71: =IF(表格1[[#This Row],[不包含獎懲總分]]>=90,"A", IF(表格1[[#This Row],[不包含獎懲總分]]>=80,"B", IF(表格1[[#This Row],[不包含獎懲總分]]>=70,"C", IF(表格1[[#This Row],[不包含獎懲總分]]>=60,"D","E")))) -> #DIV/0! | I71: =_xlfn.RANK.EQ(G71,$G$2:$G$146,0) -> #DIV/0! | J71: =IF( AND(M71<>"",N71<>"",O71<>""), M71*20% + N71*50% + O71*30%, IF( AND(M71<>"",N71="",O71=""), M71, IF( AND(M71="",N71<>"",O71=""), N71, IF( AND(M71="",N71="",O71<>""), O71, IF( AND(M71<>"",N71<>"",O71=""), M71/(20%+50%)*20% + N71/(20%+50%)*50%, IF( AND(M71<>"",N71="",O71<>""), M71/(20%+30%)*20% + O71/(20%+30%)*30%, IF( AND(M71="",N71<>"",O71<>""), N71/(50%+30%)*50% + O71/(50%+30%)*30%, "" ) ) ) ) ) ) + V71 ) -> #DIV/0! | K71: =IF(J71>=90,"A", IF(J71>=77,"B", IF(J71>=70,"C", IF(J71>=60,"D","E")))) -> #DIV/0! | L71: =_xlfn.RANK.EQ(J71,$J$2:$J$146,0) -> #DIV/0! | M71: =表格1_3[[#This Row],[部內平均]] -> #DIV/0! | N71: =表格1_3[[#This Row],[共評平均]] -> #DIV/0! | O71: =表格1_3[[#This Row],[複評平均]] -> #DIV/0! | W71: 73 | X71: 69
A72: 移工 | B72: 2896 | C72: 郭藍林 | D72: 組二組 | E72: 技術員 | F72: 紀佩欣 | G72: =表格1[[#This Row],[加權後總分]]-表格1[[#This Row],[獎懲分數]] -> #DIV/0! | H72: =IF(表格1[[#This Row],[不包含獎懲總分]]>=90,"A", IF(表格1[[#This Row],[不包含獎懲總分]]>=80,"B", IF(表格1[[#This Row],[不包含獎懲總分]]>=70,"C", IF(表格1[[#This Row],[不包含獎懲總分]]>=60,"D","E")))) -> #DIV/0! | I72: =_xlfn.RANK.EQ(G72,$G$2:$G$146,0) -> #DIV/0! | J72: =IF( AND(M72<>"",N72<>"",O72<>""), M72*20% + N72*50% + O72*30%, IF( AND(M72<>"",N72="",O72=""), M72, IF( AND(M72="",N72<>"",O72=""), N72, IF( AND(M72="",N72="",O72<>""), O72, IF( AND(M72<>"",N72<>"",O72=""), M72/(20%+50%)*20% + N72/(20%+50%)*50%, IF( AND(M72<>"",N72="",O72<>""), M72/(20%+30%)*20% + O72/(20%+30%)*30%, IF( AND(M72="",N72<>"",O72<>""), N72/(50%+30%)*50% + O72/(50%+30%)*30%, "" ) ) ) ) ) ) + V72 ) -> #DIV/0! | K72: =IF(J72>=90,"A", IF(J72>=77,"B", IF(J72>=70,"C", IF(J72>=60,"D","E")))) -> #DIV/0! | L72: =_xlfn.RANK.EQ(J72,$J$2:$J$146,0) -> #DIV/0! | M72: =表格1_3[[#This Row],[部內平均]] -> #DIV/0! | N72: =表格1_3[[#This Row],[共評平均]] -> #DIV/0! | O72: =表格1_3[[#This Row],[複評平均]] -> #DIV/0! | W72: 72.8 | X72: 70
A73: 移工 | B73: 2866 | C73: 吳拉查 | D73: 組二組 | E73: 技術員 | F73: 楊玉鳳 | G73: =表格1[[#This Row],[加權後總分]]-表格1[[#This Row],[獎懲分數]] -> #DIV/0! | H73: =IF(表格1[[#This Row],[不包含獎懲總分]]>=90,"A", IF(表格1[[#This Row],[不包含獎懲總分]]>=80,"B", IF(表格1[[#This Row],[不包含獎懲總分]]>=70,"C", IF(表格1[[#This Row],[不包含獎懲總分]]>=60,"D","E")))) -> #DIV/0! | I73: =_xlfn.RANK.EQ(G73,$G$2:$G$146,0) -> #DIV/0! | J73: =IF( AND(M73<>"",N73<>"",O73<>""), M73*20% + N73*50% + O73*30%, IF( AND(M73<>"",N73="",O73=""), M73, IF( AND(M73="",N73<>"",O73=""), N73, IF( AND(M73="",N73="",O73<>""), O73, IF( AND(M73<>"",N73<>"",O73=""), M73/(20%+50%)*20% + N73/(20%+50%)*50%, IF( AND(M73<>"",N73="",O73<>""), M73/(20%+30%)*20% + O73/(20%+30%)*30%, IF( AND(M73="",N73<>"",O73<>""), N73/(50%+30%)*50% + O73/(50%+30%)*30%, "" ) ) ) ) ) ) + V73 ) -> #DIV/0! | K73: =IF(J73>=90,"A", IF(J73>=77,"B", IF(J73>=70,"C", IF(J73>=60,"D","E")))) -> #DIV/0! | L73: =_xlfn.RANK.EQ(J73,$J$2:$J$146,0) -> #DIV/0! | M73: =表格1_3[[#This Row],[部內平均]] -> #DIV/0! | N73: =表格1_3[[#This Row],[共評平均]] -> #DIV/0! | O73: =表格1_3[[#This Row],[複評平均]] -> #DIV/0! | W73: 72.8 | X73: 71
A74: 移工 | B74: 1648 | C74: 陳凱 | D74: 組二組 | E74: 技術員 | F74: 楊玉鳳 | G74: =表格1[[#This Row],[加權後總分]]-表格1[[#This Row],[獎懲分數]] -> #DIV/0! | H74: =IF(表格1[[#This Row],[不包含獎懲總分]]>=90,"A", IF(表格1[[#This Row],[不包含獎懲總分]]>=80,"B", IF(表格1[[#This Row],[不包含獎懲總分]]>=70,"C", IF(表格1[[#This Row],[不包含獎懲總分]]>=60,"D","E")))) -> #DIV/0! | I74: =_xlfn.RANK.EQ(G74,$G$2:$G$146,0) -> #DIV/0! | J74: =IF( AND(M74<>"",N74<>"",O74<>""), M74*20% + N74*50% + O74*30%, IF( AND(M74<>"",N74="",O74=""), M74, IF( AND(M74="",N74<>"",O74=""), N74, IF( AND(M74="",N74="",O74<>""), O74, IF( AND(M74<>"",N74<>"",O74=""), M74/(20%+50%)*20% + N74/(20%+50%)*50%, IF( AND(M74<>"",N74="",O74<>""), M74/(20%+30%)*20% + O74/(20%+30%)*30%, IF( AND(M74="",N74<>"",O74<>""), N74/(50%+30%)*50% + O74/(50%+30%)*30%, "" ) ) ) ) ) ) + V74 ) -> #DIV/0! | K74: =IF(J74>=90,"A", IF(J74>=77,"B", IF(J74>=70,"C", IF(J74>=60,"D","E")))) -> #DIV/0! | L74: =_xlfn.RANK.EQ(J74,$J$2:$J$146,0) -> #DIV/0! | M74: =表格1_3[[#This Row],[部內平均]] -> #DIV/0! | N74: =表格1_3[[#This Row],[共評平均]] -> #DIV/0! | O74: =表格1_3[[#This Row],[複評平均]] -> #DIV/0! | W74: 72.75 | X74: 72
A75: 移工 | B75: 3030 | C75: 查朋(新) | D75: 組二組 | E75: 技術員 | F75: 紀佩欣 | G75: =表格1[[#This Row],[加權後總分]]-表格1[[#This Row],[獎懲分數]] -> #DIV/0! | H75: =IF(表格1[[#This Row],[不包含獎懲總分]]>=90,"A", IF(表格1[[#This Row],[不包含獎懲總分]]>=80,"B", IF(表格1[[#This Row],[不包含獎懲總分]]>=70,"C", IF(表格1[[#This Row],[不包含獎懲總分]]>=60,"D","E")))) -> #DIV/0! | I75: =_xlfn.RANK.EQ(G75,$G$2:$G$146,0) -> #DIV/0! | J75: =IF( AND(M75<>"",N75<>"",O75<>""), M75*20% + N75*50% + O75*30%, IF( AND(M75<>"",N75="",O75=""), M75, IF( AND(M75="",N75<>"",O75=""), N75, IF( AND(M75="",N75="",O75<>""), O75, IF( AND(M75<>"",N75<>"",O75=""), M75/(20%+50%)*20% + N75/(20%+50%)*50%, IF( AND(M75<>"",N75="",O75<>""), M75/(20%+30%)*20% + O75/(20%+30%)*30%, IF( AND(M75="",N75<>"",O75<>""), N75/(50%+30%)*50% + O75/(50%+30%)*30%, "" ) ) ) ) ) ) + V75 ) -> #DIV/0! | K75: =IF(J75>=90,"A", IF(J75>=77,"B", IF(J75>=70,"C", IF(J75>=60,"D","E")))) -> #DIV/0! | L75: =_xlfn.RANK.EQ(J75,$J$2:$J$146,0) -> #DIV/0! | M75: =表格1_3[[#This Row],[部內平均]] -> #DIV/0! | N75: =表格1_3[[#This Row],[共評平均]] -> #DIV/0! | O75: =表格1_3[[#This Row],[複評平均]] -> #DIV/0! | W75: 72.6 | X75: 73
A76: 移工 | B76: 3031 | C76: 提拉瓦(新) | D76: 組二組 | E76: 技術員 | F76: 紀佩欣 | G76: =表格1[[#This Row],[加權後總分]]-表格1[[#This Row],[獎懲分數]] -> #DIV/0! | H76: =IF(表格1[[#This Row],[不包含獎懲總分]]>=90,"A", IF(表格1[[#This Row],[不包含獎懲總分]]>=80,"B", IF(表格1[[#This Row],[不包含獎懲總分]]>=70,"C", IF(表格1[[#This Row],[不包含獎懲總分]]>=60,"D","E")))) -> #DIV/0! | I76: =_xlfn.RANK.EQ(G76,$G$2:$G$146,0) -> #DIV/0! | J76: =IF( AND(M76<>"",N76<>"",O76<>""), M76*20% + N76*50% + O76*30%, IF( AND(M76<>"",N76="",O76=""), M76, IF( AND(M76="",N76<>"",O76=""), N76, IF( AND(M76="",N76="",O76<>""), O76, IF( AND(M76<>"",N76<>"",O76=""), M76/(20%+50%)*20% + N76/(20%+50%)*50%, IF( AND(M76<>"",N76="",O76<>""), M76/(20%+30%)*20% + O76/(20%+30%)*30%, IF( AND(M76="",N76<>"",O76<>""), N76/(50%+30%)*50% + O76/(50%+30%)*30%, "" ) ) ) ) ) ) + V76 ) -> #DIV/0! | K76: =IF(J76>=90,"A", IF(J76>=77,"B", IF(J76>=70,"C", IF(J76>=60,"D","E")))) -> #DIV/0! | L76: =_xlfn.RANK.EQ(J76,$J$2:$J$146,0) -> #DIV/0! | M76: =表格1_3[[#This Row],[部內平均]] -> #DIV/0! | N76: =表格1_3[[#This Row],[共評平均]] -> #DIV/0! | O76: =表格1_3[[#This Row],[複評平均]] -> #DIV/0! | W76: 72.475 | X76: 74
A77: 移工 | B77: 3019 | C77: 薩財(新) | D77: 組二組 | E77: 技術員 | F77: 紀佩欣 | G77: =表格1[[#This Row],[加權後總分]]-表格1[[#This Row],[獎懲分數]] -> #DIV/0! | H77: =IF(表格1[[#This Row],[不包含獎懲總分]]>=90,"A", IF(表格1[[#This Row],[不包含獎懲總分]]>=80,"B", IF(表格1[[#This Row],[不包含獎懲總分]]>=70,"C", IF(表格1[[#This Row],[不包含獎懲總分]]>=60,"D","E")))) -> #DIV/0! | I77: =_xlfn.RANK.EQ(G77,$G$2:$G$146,0) -> #DIV/0! | J77: =IF( AND(M77<>"",N77<>"",O77<>""), M77*20% + N77*50% + O77*30%, IF( AND(M77<>"",N77="",O77=""), M77, IF( AND(M77="",N77<>"",O77=""), N77, IF( AND(M77="",N77="",O77<>""), O77, IF( AND(M77<>"",N77<>"",O77=""), M77/(20%+50%)*20% + N77/(20%+50%)*50%, IF( AND(M77<>"",N77="",O77<>""), M77/(20%+30%)*20% + O77/(20%+30%)*30%, IF( AND(M77="",N77<>"",O77<>""), N77/(50%+30%)*50% + O77/(50%+30%)*30%, "" ) ) ) ) ) ) + V77 ) -> #DIV/0! | K77: =IF(J77>=90,"A", IF(J77>=77,"B", IF(J77>=70,"C", IF(J77>=60,"D","E")))) -> #DIV/0! | L77: =_xlfn.RANK.EQ(J77,$J$2:$J$146,0) -> #DIV/0! | M77: =表格1_3[[#This Row],[部內平均]] -> #DIV/0! | N77: =表格1_3[[#This Row],[共評平均]] -> #DIV/0! | O77: =表格1_3[[#This Row],[複評平均]] -> #DIV/0! | W77: 72.433333 | X77: 75
A78: 移工 | B78: 3006 | C78: 三理(新) | D78: 組二組 | E78: 技術員 | F78: 紀佩欣 | G78: =表格1[[#This Row],[加權後總分]]-表格1[[#This Row],[獎懲分數]] -> #DIV/0! | H78: =IF(表格1[[#This Row],[不包含獎懲總分]]>=90,"A", IF(表格1[[#This Row],[不包含獎懲總分]]>=80,"B", IF(表格1[[#This Row],[不包含獎懲總分]]>=70,"C", IF(表格1[[#This Row],[不包含獎懲總分]]>=60,"D","E")))) -> #DIV/0! | I78: =_xlfn.RANK.EQ(G78,$G$2:$G$146,0) -> #DIV/0! | J78: =IF( AND(M78<>"",N78<>"",O78<>""), M78*20% + N78*50% + O78*30%, IF( AND(M78<>"",N78="",O78=""), M78, IF( AND(M78="",N78<>"",O78=""), N78, IF( AND(M78="",N78="",O78<>""), O78, IF( AND(M78<>"",N78<>"",O78=""), M78/(20%+50%)*20% + N78/(20%+50%)*50%, IF( AND(M78<>"",N78="",O78<>""), M78/(20%+30%)*20% + O78/(20%+30%)*30%, IF( AND(M78="",N78<>"",O78<>""), N78/(50%+30%)*50% + O78/(50%+30%)*30%, "" ) ) ) ) ) ) + V78 ) -> #DIV/0! | K78: =IF(J78>=90,"A", IF(J78>=77,"B", IF(J78>=70,"C", IF(J78>=60,"D","E")))) -> #DIV/0! | L78: =_xlfn.RANK.EQ(J78,$J$2:$J$146,0) -> #DIV/0! | M78: =表格1_3[[#This Row],[部內平均]] -> #DIV/0! | N78: =表格1_3[[#This Row],[共評平均]] -> #DIV/0! | O78: =表格1_3[[#This Row],[複評平均]] -> #DIV/0! | W78: 72.2 | X78: 76
B79: 3012 | C79: 林依婷 | D79: 品保課 | E79: 品檢員 | F79: 朱冠瑋 | G79: =表格1[[#This Row],[加權後總分]]-表格1[[#This Row],[獎懲分數]] -> #DIV/0! | H79: =IF(表格1[[#This Row],[不包含獎懲總分]]>=90,"A", IF(表格1[[#This Row],[不包含獎懲總分]]>=80,"B", IF(表格1[[#This Row],[不包含獎懲總分]]>=70,"C", IF(表格1[[#This Row],[不包含獎懲總分]]>=60,"D","E")))) -> #DIV/0! | I79: =_xlfn.RANK.EQ(G79,$G$2:$G$146,0) -> #DIV/0! | J79: =IF( AND(M79<>"",N79<>"",O79<>""), M79*20% + N79*50% + O79*30%, IF( AND(M79<>"",N79="",O79=""), M79, IF( AND(M79="",N79<>"",O79=""), N79, IF( AND(M79="",N79="",O79<>""), O79, IF( AND(M79<>"",N79<>"",O79=""), M79/(20%+50%)*20% + N79/(20%+50%)*50%, IF( AND(M79<>"",N79="",O79<>""), M79/(20%+30%)*20% + O79/(20%+30%)*30%, IF( AND(M79="",N79<>"",O79<>""), N79/(50%+30%)*50% + O79/(50%+30%)*30%, "" ) ) ) ) ) ) + V79 ) -> #DIV/0! | K79: =IF(J79>=90,"A", IF(J79>=77,"B", IF(J79>=70,"C", IF(J79>=60,"D","E")))) -> #DIV/0! | L79: =_xlfn.RANK.EQ(J79,$J$2:$J$146,0) -> #DIV/0! | M79: =表格1_3[[#This Row],[部內平均]] -> #DIV/0! | N79: =表格1_3[[#This Row],[共評平均]] -> #DIV/0! | O79: =表格1_3[[#This Row],[複評平均]] -> #DIV/0! | W79: 71.875 | X79: 77
B80: 2984 | C80: 朱冠瑋 | D80: 品保課 | E80: 課長 | F80: 陳佳倫 | G80: =表格1[[#This Row],[加權後總分]]-表格1[[#This Row],[獎懲分數]] -> #DIV/0! | H80: =IF(表格1[[#This Row],[不包含獎懲總分]]>=90,"A", IF(表格1[[#This Row],[不包含獎懲總分]]>=80,"B", IF(表格1[[#This Row],[不包含獎懲總分]]>=70,"C", IF(表格1[[#This Row],[不包含獎懲總分]]>=60,"D","E")))) -> #DIV/0! | I80: =_xlfn.RANK.EQ(G80,$G$2:$G$146,0) -> #DIV/0! | J80: =IF( AND(M80<>"",N80<>"",O80<>""), M80*20% + N80*50% + O80*30%, IF( AND(M80<>"",N80="",O80=""), M80, IF( AND(M80="",N80<>"",O80=""), N80, IF( AND(M80="",N80="",O80<>""), O80, IF( AND(M80<>"",N80<>"",O80=""), M80/(20%+50%)*20% + N80/(20%+50%)*50%, IF( AND(M80<>"",N80="",O80<>""), M80/(20%+30%)*20% + O80/(20%+30%)*30%, IF( AND(M80="",N80<>"",O80<>""), N80/(50%+30%)*50% + O80/(50%+30%)*30%, "" ) ) ) ) ) ) + V80 ) -> #DIV/0! | K80: =IF(J80>=90,"A", IF(J80>=77,"B", IF(J80>=70,"C", IF(J80>=60,"D","E")))) -> #DIV/0! | L80: =_xlfn.RANK.EQ(J80,$J$2:$J$146,0) -> #DIV/0! | M80: =表格1_3[[#This Row],[部內平均]] -> #DIV/0! | N80: =表格1_3[[#This Row],[共評平均]] -> #DIV/0! | O80: =表格1_3[[#This Row],[複評平均]] -> #DIV/0! | W80: 71.6 | X80: 78
B81: 0012 | C81: 周清家 | D81: 品保課 | E81: 專員 | F81: 朱冠瑋 | G81: =表格1[[#This Row],[加權後總分]]-表格1[[#This Row],[獎懲分數]] -> #DIV/0! | H81: =IF(表格1[[#This Row],[不包含獎懲總分]]>=90,"A", IF(表格1[[#This Row],[不包含獎懲總分]]>=80,"B", IF(表格1[[#This Row],[不包含獎懲總分]]>=70,"C", IF(表格1[[#This Row],[不包含獎懲總分]]>=60,"D","E")))) -> #DIV/0! | I81: =_xlfn.RANK.EQ(G81,$G$2:$G$146,0) -> #DIV/0! | J81: =IF( AND(M81<>"",N81<>"",O81<>""), M81*20% + N81*50% + O81*30%, IF( AND(M81<>"",N81="",O81=""), M81, IF( AND(M81="",N81<>"",O81=""), N81, IF( AND(M81="",N81="",O81<>""), O81, IF( AND(M81<>"",N81<>"",O81=""), M81/(20%+50%)*20% + N81/(20%+50%)*50%, IF( AND(M81<>"",N81="",O81<>""), M81/(20%+30%)*20% + O81/(20%+30%)*30%, IF( AND(M81="",N81<>"",O81<>""), N81/(50%+30%)*50% + O81/(50%+30%)*30%, "" ) ) ) ) ) ) + V81 ) -> #DIV/0! | K81: =IF(J81>=90,"A", IF(J81>=77,"B", IF(J81>=70,"C", IF(J81>=60,"D","E")))) -> #DIV/0! | L81: =_xlfn.RANK.EQ(J81,$J$2:$J$146,0) -> #DIV/0! | M81: =表格1_3[[#This Row],[部內平均]] -> #DIV/0! | N81: =表格1_3[[#This Row],[共評平均]] -> #DIV/0! | O81: =表格1_3[[#This Row],[複評平均]] -> #DIV/0! | W81: 71 | X81: 79
B82: 2334 | C82: 詹郁瑛 | D82: 品保課 | E82: 技術員 | F82: 李富崑 | G82: =表格1[[#This Row],[加權後總分]]-表格1[[#This Row],[獎懲分數]] -> #DIV/0! | H82: =IF(表格1[[#This Row],[不包含獎懲總分]]>=90,"A", IF(表格1[[#This Row],[不包含獎懲總分]]>=80,"B", IF(表格1[[#This Row],[不包含獎懲總分]]>=70,"C", IF(表格1[[#This Row],[不包含獎懲總分]]>=60,"D","E")))) -> #DIV/0! | I82: =_xlfn.RANK.EQ(G82,$G$2:$G$146,0) -> #DIV/0! | J82: =IF( AND(M82<>"",N82<>"",O82<>""), M82*20% + N82*50% + O82*30%, IF( AND(M82<>"",N82="",O82=""), M82, IF( AND(M82="",N82<>"",O82=""), N82, IF( AND(M82="",N82="",O82<>""), O82, IF( AND(M82<>"",N82<>"",O82=""), M82/(20%+50%)*20% + N82/(20%+50%)*50%, IF( AND(M82<>"",N82="",O82<>""), M82/(20%+30%)*20% + O82/(20%+30%)*30%, IF( AND(M82="",N82<>"",O82<>""), N82/(50%+30%)*50% + O82/(50%+30%)*30%, "" ) ) ) ) ) ) + V82 ) -> #DIV/0! | K82: =IF(J82>=90,"A", IF(J82>=77,"B", IF(J82>=70,"C", IF(J82>=60,"D","E")))) -> #DIV/0! | L82: =_xlfn.RANK.EQ(J82,$J$2:$J$146,0) -> #DIV/0! | M82: =表格1_3[[#This Row],[部內平均]] -> #DIV/0! | N82: =表格1_3[[#This Row],[共評平均]] -> #DIV/0! | O82: =表格1_3[[#This Row],[複評平均]] -> #DIV/0! | W82: 71 | X82: 80
B83: 0497 | C83: 龔淑屏 | D83: 製造課 | E83: 課長 | F83: 陳佳倫 | G83: =表格1[[#This Row],[加權後總分]]-表格1[[#This Row],[獎懲分數]] -> #DIV/0! | H83: =IF(表格1[[#This Row],[不包含獎懲總分]]>=90,"A", IF(表格1[[#This Row],[不包含獎懲總分]]>=80,"B", IF(表格1[[#This Row],[不包含獎懲總分]]>=70,"C", IF(表格1[[#This Row],[不包含獎懲總分]]>=60,"D","E")))) -> #DIV/0! | I83: =_xlfn.RANK.EQ(G83,$G$2:$G$146,0) -> #DIV/0! | J83: =IF( AND(M83<>"",N83<>"",O83<>""), M83*20% + N83*50% + O83*30%, IF( AND(M83<>"",N83="",O83=""), M83, IF( AND(M83="",N83<>"",O83=""), N83, IF( AND(M83="",N83="",O83<>""), O83, IF( AND(M83<>"",N83<>"",O83=""), M83/(20%+50%)*20% + N83/(20%+50%)*50%, IF( AND(M83<>"",N83="",O83<>""), M83/(20%+30%)*20% + O83/(20%+30%)*30%, IF( AND(M83="",N83<>"",O83<>""), N83/(50%+30%)*50% + O83/(50%+30%)*30%, "" ) ) ) ) ) ) + V83 ) -> #DIV/0! | K83: =IF(J83>=90,"A", IF(J83>=77,"B", IF(J83>=70,"C", IF(J83>=60,"D","E")))) -> #DIV/0! | L83: =_xlfn.RANK.EQ(J83,$J$2:$J$146,0) -> #DIV/0! | M83: =表格1_3[[#This Row],[部內平均]] -> #DIV/0! | N83: =表格1_3[[#This Row],[共評平均]] -> #DIV/0! | O83: =表格1_3[[#This Row],[複評平均]] -> #DIV/0! | W83: 70.8 | X83: 81
B84: 0855 | C84: 楊玉鳳 | D84: 製造課 | E84: 副課長 | F84: 周清家 | G84: =表格1[[#This Row],[加權後總分]]-表格1[[#This Row],[獎懲分數]] -> #DIV/0! | H84: =IF(表格1[[#This Row],[不包含獎懲總分]]>=90,"A", IF(表格1[[#This Row],[不包含獎懲總分]]>=80,"B", IF(表格1[[#This Row],[不包含獎懲總分]]>=70,"C", IF(表格1[[#This Row],[不包含獎懲總分]]>=60,"D","E")))) -> #DIV/0! | I84: =_xlfn.RANK.EQ(G84,$G$2:$G$146,0) -> #DIV/0! | J84: =IF( AND(M84<>"",N84<>"",O84<>""), M84*20% + N84*50% + O84*30%, IF( AND(M84<>"",N84="",O84=""), M84, IF( AND(M84="",N84<>"",O84=""), N84, IF( AND(M84="",N84="",O84<>""), O84, IF( AND(M84<>"",N84<>"",O84=""), M84/(20%+50%)*20% + N84/(20%+50%)*50%, IF( AND(M84<>"",N84="",O84<>""), M84/(20%+30%)*20% + O84/(20%+30%)*30%, IF( AND(M84="",N84<>"",O84<>""), N84/(50%+30%)*50% + O84/(50%+30%)*30%, "" ) ) ) ) ) ) + V84 ) -> #DIV/0! | K84: =IF(J84>=90,"A", IF(J84>=77,"B", IF(J84>=70,"C", IF(J84>=60,"D","E")))) -> #DIV/0! | L84: =_xlfn.RANK.EQ(J84,$J$2:$J$146,0) -> #DIV/0! | M84: =表格1_3[[#This Row],[部內平均]] -> #DIV/0! | N84: =表格1_3[[#This Row],[共評平均]] -> #DIV/0! | O84: =表格1_3[[#This Row],[複評平均]] -> #DIV/0! | W84: 70.6 | X84: 82
B85: 2915 | C85: 鍾欣芳 | D85: 製造課 | E85: 助理 | F85: 龔淑屏 | G85: =表格1[[#This Row],[加權後總分]]-表格1[[#This Row],[獎懲分數]] -> #DIV/0! | H85: =IF(表格1[[#This Row],[不包含獎懲總分]]>=90,"A", IF(表格1[[#This Row],[不包含獎懲總分]]>=80,"B", IF(表格1[[#This Row],[不包含獎懲總分]]>=70,"C", IF(表格1[[#This Row],[不包含獎懲總分]]>=60,"D","E")))) -> #DIV/0! | I85: =_xlfn.RANK.EQ(G85,$G$2:$G$146,0) -> #DIV/0! | J85: =IF( AND(M85<>"",N85<>"",O85<>""), M85*20% + N85*50% + O85*30%, IF( AND(M85<>"",N85="",O85=""), M85, IF( AND(M85="",N85<>"",O85=""), N85, IF( AND(M85="",N85="",O85<>""), O85, IF( AND(M85<>"",N85<>"",O85=""), M85/(20%+50%)*20% + N85/(20%+50%)*50%, IF( AND(M85<>"",N85="",O85<>""), M85/(20%+30%)*20% + O85/(20%+30%)*30%, IF( AND(M85="",N85<>"",O85<>""), N85/(50%+30%)*50% + O85/(50%+30%)*30%, "" ) ) ) ) ) ) + V85 ) -> #DIV/0! | K85: =IF(J85>=90,"A", IF(J85>=77,"B", IF(J85>=70,"C", IF(J85>=60,"D","E")))) -> #DIV/0! | L85: =_xlfn.RANK.EQ(J85,$J$2:$J$146,0) -> #DIV/0! | M85: =表格1_3[[#This Row],[部內平均]] -> #DIV/0! | N85: =表格1_3[[#This Row],[共評平均]] -> #DIV/0! | O85: =表格1_3[[#This Row],[複評平均]] -> #DIV/0! | W85: 70.6 | X85: 83
B86: 0632 | C86: 劉祐誠 | D86: 營業部 | E86: 經理 | F86: 鄭景文 | G86: =表格1[[#This Row],[加權後總分]]-表格1[[#This Row],[獎懲分數]] -> #DIV/0! | H86: =IF(表格1[[#This Row],[不包含獎懲總分]]>=90,"A", IF(表格1[[#This Row],[不包含獎懲總分]]>=80,"B", IF(表格1[[#This Row],[不包含獎懲總分]]>=70,"C", IF(表格1[[#This Row],[不包含獎懲總分]]>=60,"D","E")))) -> #DIV/0! | I86: =_xlfn.RANK.EQ(G86,$G$2:$G$146,0) -> #DIV/0! | J86: =IF( AND(M86<>"",N86<>"",O86<>""), M86*20% + N86*50% + O86*30%, IF( AND(M86<>"",N86="",O86=""), M86, IF( AND(M86="",N86<>"",O86=""), N86, IF( AND(M86="",N86="",O86<>""), O86, IF( AND(M86<>"",N86<>"",O86=""), M86/(20%+50%)*20% + N86/(20%+50%)*50%, IF( AND(M86<>"",N86="",O86<>""), M86/(20%+30%)*20% + O86/(20%+30%)*30%, IF( AND(M86="",N86<>"",O86<>""), N86/(50%+30%)*50% + O86/(50%+30%)*30%, "" ) ) ) ) ) ) + V86 ) -> #DIV/0! | K86: =IF(J86>=90,"A", IF(J86>=77,"B", IF(J86>=70,"C", IF(J86>=60,"D","E")))) -> #DIV/0! | L86: =_xlfn.RANK.EQ(J86,$J$2:$J$146,0) -> #DIV/0! | M86: =表格1_3[[#This Row],[部內平均]] -> #DIV/0! | N86: =表格1_3[[#This Row],[共評平均]] -> #DIV/0! | O86: =表格1_3[[#This Row],[複評平均]] -> #DIV/0! | W86: 69.525 | X86: 84
B87: 2942 | C87: 黃士咸 | D87: 廠務部 | E87: 工程師 | F87: 劉祐誠 | G87: =表格1[[#This Row],[加權後總分]]-表格1[[#This Row],[獎懲分數]] -> #DIV/0! | H87: =IF(表格1[[#This Row],[不包含獎懲總分]]>=90,"A", IF(表格1[[#This Row],[不包含獎懲總分]]>=80,"B", IF(表格1[[#This Row],[不包含獎懲總分]]>=70,"C", IF(表格1[[#This Row],[不包含獎懲總分]]>=60,"D","E")))) -> #DIV/0! | I87: =_xlfn.RANK.EQ(G87,$G$2:$G$146,0) -> #DIV/0! | J87: =IF( AND(M87<>"",N87<>"",O87<>""), M87*20% + N87*50% + O87*30%, IF( AND(M87<>"",N87="",O87=""), M87, IF( AND(M87="",N87<>"",O87=""), N87, IF( AND(M87="",N87="",O87<>""), O87, IF( AND(M87<>"",N87<>"",O87=""), M87/(20%+50%)*20% + N87/(20%+50%)*50%, IF( AND(M87<>"",N87="",O87<>""), M87/(20%+30%)*20% + O87/(20%+30%)*30%, IF( AND(M87="",N87<>"",O87<>""), N87/(50%+30%)*50% + O87/(50%+30%)*30%, "" ) ) ) ) ) ) + V87 ) -> #DIV/0! | K87: =IF(J87>=90,"A", IF(J87>=77,"B", IF(J87>=70,"C", IF(J87>=60,"D","E")))) -> #DIV/0! | L87: =_xlfn.RANK.EQ(J87,$J$2:$J$146,0) -> #DIV/0! | M87: =表格1_3[[#This Row],[部內平均]] -> #DIV/0! | N87: =表格1_3[[#This Row],[共評平均]] -> #DIV/0! | O87: =表格1_3[[#This Row],[複評平均]] -> #DIV/0! | W87: 69.2 | X87: 85
B88: 2817 | C88: 曾夷璋 | D88: 廠務部 | E88: 工程師 | F88: 白惇維 | G88: =表格1[[#This Row],[加權後總分]]-表格1[[#This Row],[獎懲分數]] -> #DIV/0! | H88: =IF(表格1[[#This Row],[不包含獎懲總分]]>=90,"A", IF(表格1[[#This Row],[不包含獎懲總分]]>=80,"B", IF(表格1[[#This Row],[不包含獎懲總分]]>=70,"C", IF(表格1[[#This Row],[不包含獎懲總分]]>=60,"D","E")))) -> #DIV/0! | I88: =_xlfn.RANK.EQ(G88,$G$2:$G$146,0) -> #DIV/0! | J88: =IF( AND(M88<>"",N88<>"",O88<>""), M88*20% + N88*50% + O88*30%, IF( AND(M88<>"",N88="",O88=""), M88, IF( AND(M88="",N88<>"",O88=""), N88, IF( AND(M88="",N88="",O88<>""), O88, IF( AND(M88<>"",N88<>"",O88=""), M88/(20%+50%)*20% + N88/(20%+50%)*50%, IF( AND(M88<>"",N88="",O88<>""), M88/(20%+30%)*20% + O88/(20%+30%)*30%, IF( AND(M88="",N88<>"",O88<>""), N88/(50%+30%)*50% + O88/(50%+30%)*30%, "" ) ) ) ) ) ) + V88 ) -> #DIV/0! | K88: =IF(J88>=90,"A", IF(J88>=77,"B", IF(J88>=70,"C", IF(J88>=60,"D","E")))) -> #DIV/0! | L88: =_xlfn.RANK.EQ(J88,$J$2:$J$146,0) -> #DIV/0! | M88: =表格1_3[[#This Row],[部內平均]] -> #DIV/0! | N88: =表格1_3[[#This Row],[共評平均]] -> #DIV/0! | O88: =表格1_3[[#This Row],[複評平均]] -> #DIV/0! | W88: 69 | X88: 86
G89: =表格1[[#This Row],[加權後總分]]-表格1[[#This Row],[獎懲分數]] -> #DIV/0! | H89: =IF(表格1[[#This Row],[不包含獎懲總分]]>=90,"A", IF(表格1[[#This Row],[不包含獎懲總分]]>=80,"B", IF(表格1[[#This Row],[不包含獎懲總分]]>=70,"C", IF(表格1[[#This Row],[不包含獎懲總分]]>=60,"D","E")))) -> #DIV/0! | I89: =_xlfn.RANK.EQ(G89,$G$2:$G$146,0) -> #DIV/0! | J89: =IF( AND(M89<>"",N89<>"",O89<>""), M89*20% + N89*50% + O89*30%, IF( AND(M89<>"",N89="",O89=""), M89, IF( AND(M89="",N89<>"",O89=""), N89, IF( AND(M89="",N89="",O89<>""), O89, IF( AND(M89<>"",N89<>"",O89=""), M89/(20%+50%)*20% + N89/(20%+50%)*50%, IF( AND(M89<>"",N89="",O89<>""), M89/(20%+30%)*20% + O89/(20%+30%)*30%, IF( AND(M89="",N89<>"",O89<>""), N89/(50%+30%)*50% + O89/(50%+30%)*30%, "" ) ) ) ) ) ) + V89 ) -> #DIV/0! | K89: =IF(J89>=90,"A", IF(J89>=77,"B", IF(J89>=70,"C", IF(J89>=60,"D","E")))) -> #DIV/0! | L89: =_xlfn.RANK.EQ(J89,$J$2:$J$146,0) -> #DIV/0! | M89: =表格1_3[[#This Row],[部內平均]] -> #DIV/0! | N89: =表格1_3[[#This Row],[共評平均]] -> #DIV/0! | O89: =表格1_3[[#This Row],[複評平均]] -> #DIV/0!
A90: 現場 | B90: 2707 | C90: 蔡麗娟 | D90: 組三組 | E90: 技術員 | F90: 陳怡珊 | G90: =表格1[[#This Row],[加權後總分]]-表格1[[#This Row],[獎懲分數]] -> #DIV/0! | H90: =IF(表格1[[#This Row],[不包含獎懲總分]]>=90,"A", IF(表格1[[#This Row],[不包含獎懲總分]]>=80,"B", IF(表格1[[#This Row],[不包含獎懲總分]]>=70,"C", IF(表格1[[#This Row],[不包含獎懲總分]]>=60,"D","E")))) -> #DIV/0! | I90: =_xlfn.RANK.EQ(G90,$G$2:$G$146,0) -> #DIV/0! | J90: =IF( AND(M90<>"",N90<>"",O90<>""), M90*20% + N90*50% + O90*30%, IF( AND(M90<>"",N90="",O90=""), M90, IF( AND(M90="",N90<>"",O90=""), N90, IF( AND(M90="",N90="",O90<>""), O90, IF( AND(M90<>"",N90<>"",O90=""), M90/(20%+50%)*20% + N90/(20%+50%)*50%, IF( AND(M90<>"",N90="",O90<>""), M90/(20%+30%)*20% + O90/(20%+30%)*30%, IF( AND(M90="",N90<>"",O90<>""), N90/(50%+30%)*50% + O90/(50%+30%)*30%, "" ) ) ) ) ) ) + V90 ) -> #DIV/0! | K90: =IF(J90>=90,"A", IF(J90>=77,"B", IF(J90>=70,"C", IF(J90>=60,"D","E")))) -> #DIV/0! | L90: =_xlfn.RANK.EQ(J90,$J$2:$J$146,0) -> #DIV/0! | M90: =表格1_3[[#This Row],[部內平均]] -> #DIV/0! | O90: =表格1_3[[#This Row],[複評平均]] -> #DIV/0! | W90: 68.8 | X90: 88
A91: 現場 | B91: 2264 | C91: 梁美麗 | D91: 組三組 | E91: 技術員 | F91: 陳怡珊 | G91: =表格1[[#This Row],[加權後總分]]-表格1[[#This Row],[獎懲分數]] -> #DIV/0! | H91: =IF(表格1[[#This Row],[不包含獎懲總分]]>=90,"A", IF(表格1[[#This Row],[不包含獎懲總分]]>=80,"B", IF(表格1[[#This Row],[不包含獎懲總分]]>=70,"C", IF(表格1[[#This Row],[不包含獎懲總分]]>=60,"D","E")))) -> #DIV/0! | I91: =_xlfn.RANK.EQ(G91,$G$2:$G$146,0) -> #DIV/0! | J91: =IF( AND(M91<>"",N91<>"",O91<>""), M91*20% + N91*50% + O91*30%, IF( AND(M91<>"",N91="",O91=""), M91, IF( AND(M91="",N91<>"",O91=""), N91, IF( AND(M91="",N91="",O91<>""), O91, IF( AND(M91<>"",N91<>"",O91=""), M91/(20%+50%)*20% + N91/(20%+50%)*50%, IF( AND(M91<>"",N91="",O91<>""), M91/(20%+30%)*20% + O91/(20%+30%)*30%, IF( AND(M91="",N91<>"",O91<>""), N91/(50%+30%)*50% + O91/(50%+30%)*30%, "" ) ) ) ) ) ) + V91 ) -> #DIV/0! | K91: =IF(J91>=90,"A", IF(J91>=77,"B", IF(J91>=70,"C", IF(J91>=60,"D","E")))) -> #DIV/0! | L91: =_xlfn.RANK.EQ(J91,$J$2:$J$146,0) -> #DIV/0! | M91: =表格1_3[[#This Row],[部內平均]] -> #DIV/0! | O91: =表格1_3[[#This Row],[複評平均]] -> #DIV/0! | W91: 68.8 | X91: 89
A92: 現場 | B92: 1847 | C92: 郭韋霆 | D92: 組三組 | E92: 技術員 | F92: 陳怡珊 | G92: =表格1[[#This Row],[加權後總分]]-表格1[[#This Row],[獎懲分數]] -> #DIV/0! | H92: =IF(表格1[[#This Row],[不包含獎懲總分]]>=90,"A", IF(表格1[[#This Row],[不包含獎懲總分]]>=80,"B", IF(表格1[[#This Row],[不包含獎懲總分]]>=70,"C", IF(表格1[[#This Row],[不包含獎懲總分]]>=60,"D","E")))) -> #DIV/0! | I92: =_xlfn.RANK.EQ(G92,$G$2:$G$146,0) -> #DIV/0! | J92: =IF( AND(M92<>"",N92<>"",O92<>""), M92*20% + N92*50% + O92*30%, IF( AND(M92<>"",N92="",O92=""), M92, IF( AND(M92="",N92<>"",O92=""), N92, IF( AND(M92="",N92="",O92<>""), O92, IF( AND(M92<>"",N92<>"",O92=""), M92/(20%+50%)*20% + N92/(20%+50%)*50%, IF( AND(M92<>"",N92="",O92<>""), M92/(20%+30%)*20% + O92/(20%+30%)*30%, IF( AND(M92="",N92<>"",O92<>""), N92/(50%+30%)*50% + O92/(50%+30%)*30%, "" ) ) ) ) ) ) + V92 )+2 -> #DIV/0! | K92: =IF(J92>=90,"A", IF(J92>=77,"B", IF(J92>=70,"C", IF(J92>=60,"D","E")))) -> #DIV/0! | L92: =_xlfn.RANK.EQ(J92,$J$2:$J$146,0) -> #DIV/0! | M92: =表格1_3[[#This Row],[部內平均]] -> #DIV/0! | O92: =表格1_3[[#This Row],[複評平均]] -> #DIV/0! | W92: 68.612245 | X92: 90
A93: 現場 | B93: 2220 | C93: 莊慈君 | D93: 組三組 | E93: 技術員 | F93: 陳怡珊 | G93: =表格1[[#This Row],[加權後總分]]-表格1[[#This Row],[獎懲分數]] -> #DIV/0! | H93: =IF(表格1[[#This Row],[不包含獎懲總分]]>=90,"A", IF(表格1[[#This Row],[不包含獎懲總分]]>=80,"B", IF(表格1[[#This Row],[不包含獎懲總分]]>=70,"C", IF(表格1[[#This Row],[不包含獎懲總分]]>=60,"D","E")))) -> #DIV/0! | I93: =_xlfn.RANK.EQ(G93,$G$2:$G$146,0) -> #DIV/0! | J93: =IF( AND(M93<>"",N93<>"",O93<>""), M93*20% + N93*50% + O93*30%, IF( AND(M93<>"",N93="",O93=""), M93, IF( AND(M93="",N93<>"",O93=""), N93, IF( AND(M93="",N93="",O93<>""), O93, IF( AND(M93<>"",N93<>"",O93=""), M93/(20%+50%)*20% + N93/(20%+50%)*50%, IF( AND(M93<>"",N93="",O93<>""), M93/(20%+30%)*20% + O93/(20%+30%)*30%, IF( AND(M93="",N93<>"",O93<>""), N93/(50%+30%)*50% + O93/(50%+30%)*30%, "" ) ) ) ) ) ) + V93 ) -> #DIV/0! | K93: =IF(J93>=90,"A", IF(J93>=77,"B", IF(J93>=70,"C", IF(J93>=60,"D","E")))) -> #DIV/0! | L93: =_xlfn.RANK.EQ(J93,$J$2:$J$146,0) -> #DIV/0! | M93: =表格1_3[[#This Row],[部內平均]] -> #DIV/0! | O93: =表格1_3[[#This Row],[複評平均]] -> #DIV/0! | W93: 68.566667 | X93: 91
A94: 現場 | B94: 1874 | C94: 林綉玲 | D94: 組三組 | E94: 技術員 | F94: 陳怡珊 | G94: =表格1[[#This Row],[加權後總分]]-表格1[[#This Row],[獎懲分數]] -> #DIV/0! | H94: =IF(表格1[[#This Row],[不包含獎懲總分]]>=90,"A", IF(表格1[[#This Row],[不包含獎懲總分]]>=80,"B", IF(表格1[[#This Row],[不包含獎懲總分]]>=70,"C", IF(表格1[[#This Row],[不包含獎懲總分]]>=60,"D","E")))) -> #DIV/0! | I94: =_xlfn.RANK.EQ(G94,$G$2:$G$146,0) -> #DIV/0! | J94: =IF( AND(M94<>"",N94<>"",O94<>""), M94*20% + N94*50% + O94*30%, IF( AND(M94<>"",N94="",O94=""), M94, IF( AND(M94="",N94<>"",O94=""), N94, IF( AND(M94="",N94="",O94<>""), O94, IF( AND(M94<>"",N94<>"",O94=""), M94/(20%+50%)*20% + N94/(20%+50%)*50%, IF( AND(M94<>"",N94="",O94<>""), M94/(20%+30%)*20% + O94/(20%+30%)*30%, IF( AND(M94="",N94<>"",O94<>""), N94/(50%+30%)*50% + O94/(50%+30%)*30%, "" ) ) ) ) ) ) + V94 ) -> #DIV/0! | K94: =IF(J94>=90,"A", IF(J94>=77,"B", IF(J94>=70,"C", IF(J94>=60,"D","E")))) -> #DIV/0! | L94: =_xlfn.RANK.EQ(J94,$J$2:$J$146,0) -> #DIV/0! | M94: =表格1_3[[#This Row],[部內平均]] -> #DIV/0! | O94: =表格1_3[[#This Row],[複評平均]] -> #DIV/0! | W94: 68.4 | X94: 92
A95: 現場 | B95: 2012 | C95: 馬程鳳 | D95: 組三組 | E95: 技術員 | F95: 郭惠燕 | G95: =表格1[[#This Row],[加權後總分]]-表格1[[#This Row],[獎懲分數]] -> #DIV/0! | H95: =IF(表格1[[#This Row],[不包含獎懲總分]]>=90,"A", IF(表格1[[#This Row],[不包含獎懲總分]]>=80,"B", IF(表格1[[#This Row],[不包含獎懲總分]]>=70,"C", IF(表格1[[#This Row],[不包含獎懲總分]]>=60,"D","E")))) -> #DIV/0! | I95: =_xlfn.RANK.EQ(G95,$G$2:$G$146,0) -> #DIV/0! | J95: =IF( AND(M95<>"",N95<>"",O95<>""), M95*20% + N95*50% + O95*30%, IF( AND(M95<>"",N95="",O95=""), M95, IF( AND(M95="",N95<>"",O95=""), N95, IF( AND(M95="",N95="",O95<>""), O95, IF( AND(M95<>"",N95<>"",O95=""), M95/(20%+50%)*20% + N95/(20%+50%)*50%, IF( AND(M95<>"",N95="",O95<>""), M95/(20%+30%)*20% + O95/(20%+30%)*30%, IF( AND(M95="",N95<>"",O95<>""), N95/(50%+30%)*50% + O95/(50%+30%)*30%, "" ) ) ) ) ) ) + V95 ) -> #DIV/0! | K95: =IF(J95>=90,"A", IF(J95>=77,"B", IF(J95>=70,"C", IF(J95>=60,"D","E")))) -> #DIV/0! | L95: =_xlfn.RANK.EQ(J95,$J$2:$J$146,0) -> #DIV/0! | M95: =表格1_3[[#This Row],[部內平均]] -> #DIV/0! | O95: =表格1_3[[#This Row],[複評平均]] -> #DIV/0! | W95: 68.2 | X95: 93
G96: =表格1[[#This Row],[加權後總分]]-表格1[[#This Row],[獎懲分數]] -> #DIV/0! | H96: =IF(表格1[[#This Row],[不包含獎懲總分]]>=90,"A", IF(表格1[[#This Row],[不包含獎懲總分]]>=80,"B", IF(表格1[[#This Row],[不包含獎懲總分]]>=70,"C", IF(表格1[[#This Row],[不包含獎懲總分]]>=60,"D","E")))) -> #DIV/0! | I96: =_xlfn.RANK.EQ(G96,$G$2:$G$146,0) -> #DIV/0! | J96: =IF( AND(M96<>"",N96<>"",O96<>""), M96*20% + N96*50% + O96*30%, IF( AND(M96<>"",N96="",O96=""), M96, IF( AND(M96="",N96<>"",O96=""), N96, IF( AND(M96="",N96="",O96<>""), O96, IF( AND(M96<>"",N96<>"",O96=""), M96/(20%+50%)*20% + N96/(20%+50%)*50%, IF( AND(M96<>"",N96="",O96<>""), M96/(20%+30%)*20% + O96/(20%+30%)*30%, IF( AND(M96="",N96<>"",O96<>""), N96/(50%+30%)*50% + O96/(50%+30%)*30%, "" ) ) ) ) ) ) + V96 ) -> #DIV/0! | K96: =IF(J96>=90,"A", IF(J96>=77,"B", IF(J96>=70,"C", IF(J96>=60,"D","E")))) -> #DIV/0! | L96: =_xlfn.RANK.EQ(J96,$J$2:$J$146,0) -> #DIV/0! | M96: =表格1_3[[#This Row],[部內平均]] -> #DIV/0! | O96: =表格1_3[[#This Row],[複評平均]] -> #DIV/0!
A97: 現場 | B97: 3000 | C97: 拉桑 | D97: 組三組 | E97: 技術員 | F97: 林逸宸 | G97: =表格1[[#This Row],[加權後總分]]-表格1[[#This Row],[獎懲分數]] -> #DIV/0! | H97: =IF(表格1[[#This Row],[不包含獎懲總分]]>=90,"A", IF(表格1[[#This Row],[不包含獎懲總分]]>=80,"B", IF(表格1[[#This Row],[不包含獎懲總分]]>=70,"C", IF(表格1[[#This Row],[不包含獎懲總分]]>=60,"D","E")))) -> #DIV/0! | I97: =_xlfn.RANK.EQ(G97,$G$2:$G$146,0) -> #DIV/0! | J97: =IF( AND(M97<>"",N97<>"",O97<>""), M97*20% + N97*50% + O97*30%, IF( AND(M97<>"",N97="",O97=""), M97, IF( AND(M97="",N97<>"",O97=""), N97, IF( AND(M97="",N97="",O97<>""), O97, IF( AND(M97<>"",N97<>"",O97=""), M97/(20%+50%)*20% + N97/(20%+50%)*50%, IF( AND(M97<>"",N97="",O97<>""), M97/(20%+30%)*20% + O97/(20%+30%)*30%, IF( AND(M97="",N97<>"",O97<>""), N97/(50%+30%)*50% + O97/(50%+30%)*30%, "" ) ) ) ) ) ) + V97 ) -> #DIV/0! | K97: =IF(J97>=90,"A", IF(J97>=80,"B", IF(J97>=70,"C", IF(J97>=60,"D","E")))) -> #DIV/0! | L97: =_xlfn.RANK.EQ(J97,$J$2:$J$146,0) -> #DIV/0! | M97: =表格1_3[[#This Row],[部內平均]] -> #DIV/0! | O97: =表格1_3[[#This Row],[複評平均]] -> #DIV/0! | W97: 67.8 | X97: 95
A98: 現場 | B98: 1834 | C98: 阮美和 | D98: 組三組 | E98: 技術員 | F98: 陳怡珊 | G98: =表格1[[#This Row],[加權後總分]]-表格1[[#This Row],[獎懲分數]] -> #DIV/0! | H98: =IF(表格1[[#This Row],[不包含獎懲總分]]>=90,"A", IF(表格1[[#This Row],[不包含獎懲總分]]>=80,"B", IF(表格1[[#This Row],[不包含獎懲總分]]>=70,"C", IF(表格1[[#This Row],[不包含獎懲總分]]>=60,"D","E")))) -> #DIV/0! | I98: =_xlfn.RANK.EQ(G98,$G$2:$G$146,0) -> #DIV/0! | J98: =IF( AND(M98<>"",N98<>"",O98<>""), M98*20% + N98*50% + O98*30%, IF( AND(M98<>"",N98="",O98=""), M98, IF( AND(M98="",N98<>"",O98=""), N98, IF( AND(M98="",N98="",O98<>""), O98, IF( AND(M98<>"",N98<>"",O98=""), M98/(20%+50%)*20% + N98/(20%+50%)*50%, IF( AND(M98<>"",N98="",O98<>""), M98/(20%+30%)*20% + O98/(20%+30%)*30%, IF( AND(M98="",N98<>"",O98<>""), N98/(50%+30%)*50% + O98/(50%+30%)*30%, "" ) ) ) ) ) ) + V98 ) -> #DIV/0! | K98: =IF(J98>=90,"A", IF(J98>=80,"B", IF(J98>=70,"C", IF(J98>=60,"D","E")))) -> #DIV/0! | L98: =_xlfn.RANK.EQ(J98,$J$2:$J$146,0) -> #DIV/0! | M98: =表格1_3[[#This Row],[部內平均]] -> #DIV/0! | O98: =表格1_3[[#This Row],[複評平均]] -> #DIV/0! | W98: 67.7 | X98: 96
A99: 現場 | B99: 3023 | C99: 拉匹潘 | D99: 組三組 | E99: 技術員 | F99: 白惇維 | G99: =表格1[[#This Row],[加權後總分]]-表格1[[#This Row],[獎懲分數]] -> #DIV/0! | H99: =IF(表格1[[#This Row],[不包含獎懲總分]]>=90,"A", IF(表格1[[#This Row],[不包含獎懲總分]]>=80,"B", IF(表格1[[#This Row],[不包含獎懲總分]]>=70,"C", IF(表格1[[#This Row],[不包含獎懲總分]]>=60,"D","E")))) -> #DIV/0! | I99: =_xlfn.RANK.EQ(G99,$G$2:$G$146,0) -> #DIV/0! | J99: =IF( AND(M99<>"",N99<>"",O99<>""), M99*20% + N99*50% + O99*30%, IF( AND(M99<>"",N99="",O99=""), M99, IF( AND(M99="",N99<>"",O99=""), N99, IF( AND(M99="",N99="",O99<>""), O99, IF( AND(M99<>"",N99<>"",O99=""), M99/(20%+50%)*20% + N99/(20%+50%)*50%, IF( AND(M99<>"",N99="",O99<>""), M99/(20%+30%)*20% + O99/(20%+30%)*30%, IF( AND(M99="",N99<>"",O99<>""), N99/(50%+30%)*50% + O99/(50%+30%)*30%, "" ) ) ) ) ) ) + V99 ) -> #DIV/0! | K99: =IF(J99>=90,"A", IF(J99>=80,"B", IF(J99>=70,"C", IF(J99>=60,"D","E")))) -> #DIV/0! | L99: =_xlfn.RANK.EQ(J99,$J$2:$J$146,0) -> #DIV/0! | M99: =表格1_3[[#This Row],[部內平均]] -> #DIV/0! | O99: =表格1_3[[#This Row],[複評平均]] -> #DIV/0! | W99: 67 | X99: 97
A100: 現場 | B100: 3027 | C100: 阿匹雷 | D100: 組三組 | E100: 技術員 | F100: 楊玉鳳 | G100: =表格1[[#This Row],[加權後總分]]-表格1[[#This Row],[獎懲分數]] -> #DIV/0! | H100: =IF(表格1[[#This Row],[不包含獎懲總分]]>=90,"A", IF(表格1[[#This Row],[不包含獎懲總分]]>=80,"B", IF(表格1[[#This Row],[不包含獎懲總分]]>=70,"C", IF(表格1[[#This Row],[不包含獎懲總分]]>=60,"D","E")))) -> #DIV/0! | I100: =_xlfn.RANK.EQ(G100,$G$2:$G$146,0) -> #DIV/0! | J100: =IF( AND(M100<>"",N100<>"",O100<>""), M100*20% + N100*50% + O100*30%, IF( AND(M100<>"",N100="",O100=""), M100, IF( AND(M100="",N100<>"",O100=""), N100, IF( AND(M100="",N100="",O100<>""), O100, IF( AND(M100<>"",N100<>"",O100=""), M100/(20%+50%)*20% + N100/(20%+50%)*50%, IF( AND(M100<>"",N100="",O100<>""), M100/(20%+30%)*20% + O100/(20%+30%)*30%, IF( AND(M100="",N100<>"",O100<>""), N100/(50%+30%)*50% + O100/(50%+30%)*30%, "" ) ) ) ) ) ) + V100 ) -> #DIV/0! | K100: =IF(J100>=90,"A", IF(J100>=80,"B", IF(J100>=70,"C", IF(J100>=60,"D","E")))) -> #DIV/0! | L100: =_xlfn.RANK.EQ(J100,$J$2:$J$146,0) -> #DIV/0! | M100: =表格1_3[[#This Row],[部內平均]] -> #DIV/0! | O100: =表格1_3[[#This Row],[複評平均]] -> #DIV/0! | W100: 67 | X100: 98
...

Sheet 計算成績
A1: 工號 | B1: 姓名 | C1: 部門 | D1: 職位 | E1: 部內平均 | F1: 共評平均 | G1: 複評平均 | H1: 部內分數 | I1: 部內分數2 | J1: 部內分數3 | K1: 部內分數4 | L1: 部內分數5 | M1: 部內分數6 | N1: 部內分數7 | O1: 部內分數8 | P1: 部內分數9 | Q1: 部內分數10 | R1: 部內分數102 | S1: 部內分數11 | T1: 跨共評 | U1: 跨共評2 | V1: 跨共評3 | W1: 跨共評4 | X1: 跨共評5 | Y1: 跨共評6 | Z1: 跨共評7 | AA1: 跨共評8 | AB1: 跨共評9 | AC1: 跨共評92 | AD1: 跨共評93 | AE1: 跨共評10 | AF1: 複評 | AG1: 複評2 | AH1: 複評3 | AI1: 複評4 | AJ1: 複評5 | AK1: 複評6 | AL1: 複評7 | AM1: 複評8 | AN1: 複評9 | AO1: 複評10
A2: 0628 | B2: 鄭淑鐘 | C2: 業務課 | D2: 助理專員 | E2: =AVERAGEIF(表格1_3[[#This Row],[部內分數]:[部內分數11]],"<>") -> #DIV/0! | F2: =AVERAGEIF(表格1_3[[#This Row],[跨共評]:[跨共評10]],"<>") -> #DIV/0! | G2: =AVERAGEIF(表格1_3[[#This Row],[複評]:[複評10]],"<>") -> #DIV/0!
A3: 2856 | B3: 陳玉慧 | C3: 業務課 | D3: 業務助理 | E3: =AVERAGEIF(表格1_3[[#This Row],[部內分數]:[部內分數11]],"<>") -> #DIV/0! | F3: =AVERAGEIF(表格1_3[[#This Row],[跨共評]:[跨共評10]],"<>") -> #DIV/0! | G3: =AVERAGEIF(表格1_3[[#This Row],[複評]:[複評10]],"<>") -> #DIV/0!
A4: 2223 | B4: 伍珈彣 | C4: 業務課 | D4: 組長 | E4: =AVERAGEIF(表格1_3[[#This Row],[部內分數]:[部內分數11]],"<>") -> #DIV/0! | F4: =AVERAGEIF(表格1_3[[#This Row],[跨共評]:[跨共評10]],"<>") -> #DIV/0! | G4: =AVERAGEIF(表格1_3[[#This Row],[複評]:[複評10]],"<>") -> #DIV/0!
A5: 1115 | B5: 賴慶燁 | C5: 塗裝組 | D5: 助理工程師 | E5: =AVERAGEIF(表格1_3[[#This Row],[部內分數]:[部內分數11]],"<>") -> #DIV/0! | F5: =AVERAGEIF(表格1_3[[#This Row],[跨共評]:[跨共評10]],"<>") -> #DIV/0! | G5: =AVERAGEIF(表格1_3[[#This Row],[複評]:[複評10]],"<>") -> #DIV/0!
A6: 3024 | B6: 那彭(新) | C6: 塗裝組 | D6: 技術員 | E6: =AVERAGEIF(表格1_3[[#This Row],[部內分數]:[部內分數11]],"<>") -> #DIV/0! | F6: =AVERAGEIF(表格1_3[[#This Row],[跨共評]:[跨共評10]],"<>") -> #DIV/0! | G6: =AVERAGEIF(表格1_3[[#This Row],[複評]:[複評10]],"<>") -> #DIV/0!
A7: 2928 | B7: 夏塔拉 | C7: 塗裝組 | D7: 技術員 | E7: =AVERAGEIF(表格1_3[[#This Row],[部內分數]:[部內分數11]],"<>") -> #DIV/0! | F7: =AVERAGEIF(表格1_3[[#This Row],[跨共評]:[跨共評10]],"<>") -> #DIV/0! | G7: =AVERAGEIF(表格1_3[[#This Row],[複評]:[複評10]],"<>") -> #DIV/0!
A8: 2968 | B8: 馬立泥 | C8: 塗裝組 | D8: 技術員 | E8: =AVERAGEIF(表格1_3[[#This Row],[部內分數]:[部內分數11]],"<>") -> #DIV/0! | F8: =AVERAGEIF(表格1_3[[#This Row],[跨共評]:[跨共評10]],"<>") -> #DIV/0! | G8: =AVERAGEIF(表格1_3[[#This Row],[複評]:[複評10]],"<>") -> #DIV/0!
A9: 3002 | B9: 肅坦 | C9: 塗裝組 | D9: 技術員 | E9: =AVERAGEIF(表格1_3[[#This Row],[部內分數]:[部內分數11]],"<>") -> #DIV/0! | F9: =AVERAGEIF(表格1_3[[#This Row],[跨共評]:[跨共評10]],"<>") -> #DIV/0! | G9: =AVERAGEIF(表格1_3[[#This Row],[複評]:[複評10]],"<>") -> #DIV/0!
A10: 3003 | B10: 百翔 | C10: 塗裝組 | D10: 技術員 | E10: =AVERAGEIF(表格1_3[[#This Row],[部內分數]:[部內分數11]],"<>") -> #DIV/0! | F10: =AVERAGEIF(表格1_3[[#This Row],[跨共評]:[跨共評10]],"<>") -> #DIV/0! | G10: =AVERAGEIF(表格1_3[[#This Row],[複評]:[複評10]],"<>") -> #DIV/0!
A11: 3005 | B11: 隆峽 | C11: 塗裝組 | D11: 技術員 | E11: =AVERAGEIF(表格1_3[[#This Row],[部內分數]:[部內分數11]],"<>") -> #DIV/0! | F11: =AVERAGEIF(表格1_3[[#This Row],[跨共評]:[跨共評10]],"<>") -> #DIV/0! | G11: =AVERAGEIF(表格1_3[[#This Row],[複評]:[複評10]],"<>") -> #DIV/0!
A12: 2873 | B12: 松沙 | C12: 塗裝組 | D12: 技術員 | E12: =AVERAGEIF(表格1_3[[#This Row],[部內分數]:[部內分數11]],"<>") -> #DIV/0! | F12: =AVERAGEIF(表格1_3[[#This Row],[跨共評]:[跨共評10]],"<>") -> #DIV/0! | G12: =AVERAGEIF(表格1_3[[#This Row],[複評]:[複評10]],"<>") -> #DIV/0!
A13: 2869 | B13: 宇藍南 | C13: 塗裝組 | D13: 技術員 | E13: =AVERAGEIF(表格1_3[[#This Row],[部內分數]:[部內分數11]],"<>") -> #DIV/0! | F13: =AVERAGEIF(表格1_3[[#This Row],[跨共評]:[跨共評10]],"<>") -> #DIV/0! | G13: =AVERAGEIF(表格1_3[[#This Row],[複評]:[複評10]],"<>") -> #DIV/0!
... A18: 2834 | B18: 阿沙文 | C18: 塗裝組 | D18: 技術員 | E18: =AVERAGEIF(表格1_3[[#This Row],[部內分數]:[部內分數11]],"<>") -> #DIV/0! | F18: =AVERAGEIF(表格1_3[[#This Row],[跨共評]:[跨共評10]],"<>") -> #DIV/0! | G18: =AVERAGEIF(表格1_3[[#This Row],[複評]:[複評10]],"<>") -> #DIV/0!
A19: 2844 | E19: =AVERAGEIF(表格1_3[[#This Row],[部內分數]:[部內分數11]],"<>") -> #DIV/0! | F19: =AVERAGEIF(表格1_3[[#This Row],[跨共評]:[跨共評10]],"<>") -> #DIV/0! | G19: =AVERAGEIF(表格1_3[[#This Row],[複評]:[複評10]],"<>") -> #DIV/0!
A20: 1713 | B20: 周安琪 | C20: 塗裝組 | D20: 班長 | E20: =AVERAGEIF(表格1_3[[#This Row],[部內分數]:[部內分數11]],"<>") -> #DIV/0! | F20: =AVERAGEIF(表格1_3[[#This Row],[跨共評]:[跨共評10]],"<>") -> #DIV/0! | G20: =AVERAGEIF(表格1_3[[#This Row],[複評]:[複評10]],"<>") -> #DIV/0!
A21: 2546 | B21: 黃氏金莉 | C21: 塗裝組 | D21: 技術員 | E21: =AVERAGEIF(表格1_3[[#This Row],[部內分數]:[部內分數11]],"<>") -> #DIV/0! | F21: =AVERAGEIF(表格1_3[[#This Row],[跨共評]:[跨共評10]],"<>") -> #DIV/0! | G21: =AVERAGEIF(表格1_3[[#This Row],[複評]:[複評10]],"<>") -> #DIV/0!
A22: 2589 | B22: 威耐 | C22: 塗裝組 | D22: 班長 | E22: =AVERAGEIF(表格1_3[[#This Row],[部內分數]:[部內分數11]],"<>") -> #DIV/0! | F22: =AVERAGEIF(表格1_3[[#This Row],[跨共評]:[跨共評10]],"<>") -> #DIV/0! | G22: =AVERAGEIF(表格1_3[[#This Row],[複評]:[複評10]],"<>") -> #DIV/0!
A23: 1101 | B23: 郭惠燕 | C23: 塗裝組 | D23: 組長 | E23: =AVERAGEIF(表格1_3[[#This Row],[部內分數]:[部內分數11]],"<>") -> #DIV/0! | F23: =AVERAGEIF(表格1_3[[#This Row],[跨共評]:[跨共評10]],"<>") -> #DIV/0! | G23: =AVERAGEIF(表格1_3[[#This Row],[複評]:[複評10]],"<>") -> #DIV/0!
A24: 2056 | B24: 陳世傑 | C24: 塗裝組 | D24: 技術員 | E24: =AVERAGEIF(表格1_3[[#This Row],[部內分數]:[部內分數11]],"<>") -> #DIV/0! | F24: =AVERAGEIF(表格1_3[[#This Row],[跨共評]:[跨共評10]],"<>") -> #DIV/0! | G24: =AVERAGEIF(表格1_3[[#This Row],[複評]:[複評10]],"<>") -> #DIV/0!
A25: 2258 | B25: 連維敏 | C25: 組一組 | D25: 技術員 | E25: =AVERAGEIF(表格1_3[[#This Row],[部內分數]:[部內分數11]],"<>") -> #DIV/0! | F25: =AVERAGEIF(表格1_3[[#This Row],[跨共評]:[跨共評10]],"<>") -> #DIV/0! | G25: =AVERAGEIF(表格1_3[[#This Row],[複評]:[複評10]],"<>") -> #DIV/0!
A26: 1799 | B26: 朱淑君 | C26: 組一組 | D26: 技術員 | E26: =AVERAGEIF(表格1_3[[#This Row],[部內分數]:[部內分數11]],"<>") -> #DIV/0! | F26: =AVERAGEIF(表格1_3[[#This Row],[跨共評]:[跨共評10]],"<>") -> #DIV/0! | G26: =AVERAGEIF(表格1_3[[#This Row],[複評]:[複評10]],"<>") -> #DIV/0!
A27: 2565 | B27: 呂雅秀 | C27: 組一組 | D27: 技術員 | E27: =AVERAGEIF(表格1_3[[#This Row],[部內分數]:[部內分數11]],"<>") -> #DIV/0! | F27: =AVERAGEIF(表格1_3[[#This Row],[跨共評]:[跨共評10]],"<>") -> #DIV/0! | G27: =AVERAGEIF(表格1_3[[#This Row],[複評]:[複評10]],"<>") -> #DIV/0!
A28: 2418 | B28: 松甲 | C28: 組一組 | D28: 技術員 | E28: =AVERAGEIF(表格1_3[[#This Row],[部內分數]:[部內分數11]],"<>") -> #DIV/0! | F28: =AVERAGEIF(表格1_3[[#This Row],[跨共評]:[跨共評10]],"<>") -> #DIV/0! | G28: =AVERAGEIF(表格1_3[[#This Row],[複評]:[複評10]],"<>") -> #DIV/0!
A29: 2226 | B29: 陳意琛 | C29: 組一組 | D29: 技術員 | E29: =AVERAGEIF(表格1_3[[#This Row],[部內分數]:[部內分數11]],"<>") -> #DIV/0! | F29: =AVERAGEIF(表格1_3[[#This Row],[跨共評]:[跨共評10]],"<>") -> #DIV/0! | G29: =AVERAGEIF(表格1_3[[#This Row],[複評]:[複評10]],"<>") -> #DIV/0!
A30: 2827 | B30: 蘇拉岡 | C30: 組一組 | D30: 技術員 | E30: =AVERAGEIF(表格1_3[[#This Row],[部內分數]:[部內分數11]],"<>") -> #DIV/0! | F30: =AVERAGEIF(表格1_3[[#This Row],[跨共評]:[跨共評10]],"<>") -> #DIV/0! | G30: =AVERAGEIF(表格1_3[[#This Row],[複評]:[複評10]],"<>") -> #DIV/0!
A31: 2724 | B31: 周柏杰 | C31: 組一組 | D31: 技術員 | E31: =AVERAGEIF(表格1_3[[#This Row],[部內分數]:[部內分數11]],"<>") -> #DIV/0! | F31: =AVERAGEIF(表格1_3[[#This Row],[跨共評]:[跨共評10]],"<>") -> #DIV/0! | G31: =AVERAGEIF(表格1_3[[#This Row],[複評]:[複評10]],"<>") -> #DIV/0!
A32: 3004 | B32: 朗吾 | C32: 組一組 | D32: 技術員 | E32: =AVERAGEIF(表格1_3[[#This Row],[部內分數]:[部內分數11]],"<>") -> #DIV/0! | F32: =AVERAGEIF(表格1_3[[#This Row],[跨共評]:[跨共評10]],"<>") -> #DIV/0! | G32: =AVERAGEIF(表格1_3[[#This Row],[複評]:[複評10]],"<>") -> #DIV/0!
A33: 2868 | E33: =AVERAGEIF(表格1_3[[#This Row],[部內分數]:[部內分數11]],"<>") -> #DIV/0! | F33: =AVERAGEIF(表格1_3[[#This Row],[跨共評]:[跨共評10]],"<>") -> #DIV/0! | G33: =AVERAGEIF(表格1_3[[#This Row],[複評]:[複評10]],"<>") -> #DIV/0!
A34: 2930 | B34: 巴林亞 | C34: 組一組 | D34: 技術員 | E34: =AVERAGEIF(表格1_3[[#This Row],[部內分數]:[部內分數11]],"<>") -> #DIV/0! | F34: =AVERAGEIF(表格1_3[[#This Row],[跨共評]:[跨共評10]],"<>") -> #DIV/0! | G34: =AVERAGEIF(表格1_3[[#This Row],[複評]:[複評10]],"<>") -> #DIV/0!
A35: 2919 | B35: 及可 | C35: 組一組 | D35: 技術員 | E35: =AVERAGEIF(表格1_3[[#This Row],[部內分數]:[部內分數11]],"<>") -> #DIV/0! | F35: =AVERAGEIF(表格1_3[[#This Row],[跨共評]:[跨共評10]],"<>") -> #DIV/0! | G35: =AVERAGEIF(表格1_3[[#This Row],[複評]:[複評10]],"<>") -> #DIV/0!
A36: 3029 | B36: 吉沙達 | C36: 組一組 | D36: 技術員 | E36: =AVERAGEIF(表格1_3[[#This Row],[部內分數]:[部內分數11]],"<>") -> #DIV/0! | F36: =AVERAGEIF(表格1_3[[#This Row],[跨共評]:[跨共評10]],"<>") -> #DIV/0! | G36: =AVERAGEIF(表格1_3[[#This Row],[複評]:[複評10]],"<>") -> #DIV/0!
A37: 2216 | B37: 陳怡珊 | C37: 組一組 | D37: 副組長 | E37: =AVERAGEIF(表格1_3[[#This Row],[部內分數]:[部內分數11]],"<>") -> #DIV/0! | F37: =AVERAGEIF(表格1_3[[#This Row],[跨共評]:[跨共評10]],"<>") -> #DIV/0! | G37: =AVERAGEIF(表格1_3[[#This Row],[複評]:[複評10]],"<>") -> #DIV/0!
A38: 1547 | B38: 鄭萍 | C38: 沖床組 | D38: 技術員 | E38: =AVERAGEIF(表格1_3[[#This Row],[部內分數]:[部內分數11]],"<>") -> #DIV/0! | F38: =AVERAGEIF(表格1_3[[#This Row],[跨共評]:[跨共評10]],"<>") -> #DIV/0! | G38: =AVERAGEIF(表格1_3[[#This Row],[複評]:[複評10]],"<>") -> #DIV/0!
A39: 2097 | B39: 覃麗嬋 | C39: 沖床組 | D39: 副組長 | E39: =AVERAGEIF(表格1_3[[#This Row],[部內分數]:[部內分數11]],"<>") -> #DIV/0! | F39: =AVERAGEIF(表格1_3[[#This Row],[跨共評]:[跨共評10]],"<>") -> #DIV/0! | G39: =AVERAGEIF(表格1_3[[#This Row],[複評]:[複評10]],"<>") -> #DIV/0!
A40: 2321 | B40: 李昱鋐 | C40: 沖床組 | D40: 班長 | E40: =AVERAGEIF(表格1_3[[#This Row],[部內分數]:[部內分數11]],"<>") -> #DIV/0! | F40: =AVERAGEIF(表格1_3[[#This Row],[跨共評]:[跨共評10]],"<>") -> #DIV/0! | G40: =AVERAGEIF(表格1_3[[#This Row],[複評]:[複評10]],"<>") -> #DIV/0!
A41: 2964 | B41: 蘇英輝 | C41: 沖床組 | D41: 技術員 | E41: =AVERAGEIF(表格1_3[[#This Row],[部內分數]:[部內分數11]],"<>") -> #DIV/0! | F41: =AVERAGEIF(表格1_3[[#This Row],[跨共評]:[跨共評10]],"<>") -> #DIV/0! | G41: =AVERAGEIF(表格1_3[[#This Row],[複評]:[複評10]],"<>") -> #DIV/0!
A42: 2835 | B42: 阿塘 | C42: 沖床組 | D42: 技術員 | E42: =AVERAGEIF(表格1_3[[#This Row],[部內分數]:[部內分數11]],"<>") -> #DIV/0! | F42: =AVERAGEIF(表格1_3[[#This Row],[跨共評]:[跨共評10]],"<>") -> #DIV/0! | G42: =AVERAGEIF(表格1_3[[#This Row],[複評]:[複評10]],"<>") -> #DIV/0!
A43: 2404 | B43: 陳奕廷 | C43: 沖床組 | D43: 技術員 | E43: =AVERAGEIF(表格1_3[[#This Row],[部內分數]:[部內分數11]],"<>") -> #DIV/0! | F43: =AVERAGEIF(表格1_3[[#This Row],[跨共評]:[跨共評10]],"<>") -> #DIV/0! | G43: =AVERAGEIF(表格1_3[[#This Row],[複評]:[複評10]],"<>") -> #DIV/0!
A44: 3009 | B44: 王美婷 | C44: 財務部 | D44: 會計人員 | E44: =AVERAGEIF(表格1_3[[#This Row],[部內分數]:[部內分數11]],"<>") -> #DIV/0! | F44: =AVERAGEIF(表格1_3[[#This Row],[跨共評]:[跨共評10]],"<>") -> #DIV/0! | G44: =AVERAGEIF(表格1_3[[#This Row],[複評]:[複評10]],"<>") -> #DIV/0!
A45: 2911 | B45: 孫素琴 | C45: 財務部 | D45: 會計人員 | E45: =AVERAGEIF(表格1_3[[#This Row],[部內分數]:[部內分數11]],"<>") -> #DIV/0! | F45: =AVERAGEIF(表格1_3[[#This Row],[跨共評]:[跨共評10]],"<>") -> #DIV/0! | G45: =AVERAGEIF(表格1_3[[#This Row],[複評]:[複評10]],"<>") -> #DIV/0!
A46: 2934 | E46: =AVERAGEIF(表格1_3[[#This Row],[部內分數]:[部內分數11]],"<>") -> #DIV/0! | F46: =AVERAGEIF(表格1_3[[#This Row],[跨共評]:[跨共評10]],"<>") -> #DIV/0! | G46: =AVERAGEIF(表格1_3[[#This Row],[複評]:[複評10]],"<>") -> #DIV/0!
A47: 2938 | B47: 陳燕華 | C47: 財務部 | D47: 會計人員 | E47: =AVERAGEIF(表格1_3[[#This Row],[部內分數]:[部內分數11]],"<>") -> #DIV/0! | F47: =AVERAGEIF(表格1_3[[#This Row],[跨共評]:[跨共評10]],"<>") -> #DIV/0! | G47: =AVERAGEIF(表格1_3[[#This Row],[複評]:[複評10]],"<>") -> #DIV/0!
A48: 3008 | E48: =AVERAGEIF(表格1_3[[#This Row],[部內分數]:[部內分數11]],"<>") -> #DIV/0! | F48: =AVERAGEIF(表格1_3[[#This Row],[跨共評]:[跨共評10]],"<>") -> #DIV/0! | G48: =AVERAGEIF(表格1_3[[#This Row],[複評]:[複評10]],"<>") -> #DIV/0!
A49: 3011 | B49: 尤(禾云)棠 | C49: 資材課 | D49: 採購助理 | E49: =AVERAGEIF(表格1_3[[#This Row],[部內分數]:[部內分數11]],"<>") -> #DIV/0! | F49: =AVERAGEIF(表格1_3[[#This Row],[跨共評]:[跨共評10]],"<>") -> #DIV/0! | G49: =AVERAGEIF(表格1_3[[#This Row],[複評]:[複評10]],"<>") -> #DIV/0!
A50: 2954 | B50: 傅文成 | C50: 資材課 | D50: 技術員 | E50: =AVERAGEIF(表格1_3[[#This Row],[部內分數]:[部內分數11]],"<>") -> #DIV/0! | F50: =AVERAGEIF(表格1_3[[#This Row],[跨共評]:[跨共評10]],"<>") -> #DIV/0! | G50: =AVERAGEIF(表格1_3[[#This Row],[複評]:[複評10]],"<>") -> #DIV/0!
A51: 2947 | B51: 羅文彥 | C51: 資材課 | D51: 堆高機員 | E51: =AVERAGEIF(表格1_3[[#This Row],[部內分數]:[部內分數11]],"<>") -> #DIV/0! | F51: =AVERAGEIF(表格1_3[[#This Row],[跨共評]:[跨共評10]],"<>") -> #DIV/0! | G51: =AVERAGEIF(表格1_3[[#This Row],[複評]:[複評10]],"<>") -> #DIV/0!
A52: 2941 | B52: 郭惠婷 | C52: 資材課 | D52: 行政助理 | E52: =AVERAGEIF(表格1_3[[#This Row],[部內分數]:[部內分數11]],"<>") -> #DIV/0! | F52: =AVERAGEIF(表格1_3[[#This Row],[跨共評]:[跨共評10]],"<>") -> #DIV/0! | G52: =AVERAGEIF(表格1_3[[#This Row],[複評]:[複評10]],"<>") -> #DIV/0!
A53: 3032 | E53: =AVERAGEIF(表格1_3[[#This Row],[部內分數]:[部內分數11]],"<>") -> #DIV/0! | F53: =AVERAGEIF(表格1_3[[#This Row],[跨共評]:[跨共評10]],"<>") -> #DIV/0! | G53: =AVERAGEIF(表格1_3[[#This Row],[複評]:[複評10]],"<>") -> #DIV/0!
A54: 0890 | B54: 曾泓霖 | C54: 資材課 | D54: 組長 | E54: =AVERAGEIF(表格1_3[[#This Row],[部內分數]:[部內分數11]],"<>") -> #DIV/0! | F54: =AVERAGEIF(表格1_3[[#This Row],[跨共評]:[跨共評10]],"<>") -> #DIV/0! | G54: =AVERAGEIF(表格1_3[[#This Row],[複評]:[複評10]],"<>") -> #DIV/0!
A55: 2091 | B55: 陳惠萍 | C55: 資材課 | D55: 組長 | E55: =AVERAGEIF(表格1_3[[#This Row],[部內分數]:[部內分數11]],"<>") -> #DIV/0! | F55: =AVERAGEIF(表格1_3[[#This Row],[跨共評]:[跨共評10]],"<>") -> #DIV/0! | G55: =AVERAGEIF(表格1_3[[#This Row],[複評]:[複評10]],"<>") -> #DIV/0!
A56: 0193 | B56: 石容瑄 | C56: 資材課 | D56: 助理專員 | E56: =AVERAGEIF(表格1_3[[#This Row],[部內分數]:[部內分數11]],"<>") -> #DIV/0! | F56: =AVERAGEIF(表格1_3[[#This Row],[跨共評]:[跨共評10]],"<>") -> #DIV/0! | G56: =AVERAGEIF(表格1_3[[#This Row],[複評]:[複評10]],"<>") -> #DIV/0!
A57: 2521 | E57: =AVERAGEIF(表格1_3[[#This Row],[部內分數]:[部內分數11]],"<>") -> #DIV/0! | F57: =AVERAGEIF(表格1_3[[#This Row],[跨共評]:[跨共評10]],"<>") -> #DIV/0! | G57: =AVERAGEIF(表格1_3[[#This Row],[複評]:[複評10]],"<>") -> #DIV/0!
A58: 2057 | B58: 王秀雯 | C58: 資材課 | D58: 副課長 | E58: =AVERAGEIF(表格1_3[[#This Row],[部內分數]:[部內分數11]],"<>") -> #DIV/0! | F58: =AVERAGEIF(表格1_3[[#This Row],[跨共評]:[跨共評10]],"<>") -> #DIV/0! | G58: =AVERAGEIF(表格1_3[[#This Row],[複評]:[複評10]],"<>") -> #DIV/0!
A59: 2798 | B59: 陳巧倫 | C59: 資材課 | D59: 助理 | E59: =AVERAGEIF(表格1_3[[#This Row],[部內分數]:[部內分數11]],"<>") -> #DIV/0! | F59: =AVERAGEIF(表格1_3[[#This Row],[跨共評]:[跨共評10]],"<>") -> #DIV/0! | G59: =AVERAGEIF(表格1_3[[#This Row],[複評]:[複評10]],"<>") -> #DIV/0!
A60: 2664 | B60: 楊心恬 | C60: 資材課 | D60: 技術員 | E60: =AVERAGEIF(表格1_3[[#This Row],[部內分數]:[部內分數11]],"<>") -> #DIV/0! | F60: =AVERAGEIF(表格1_3[[#This Row],[跨共評]:[跨共評10]],"<>") -> #DIV/0! | G60: =AVERAGEIF(表格1_3[[#This Row],[複評]:[複評10]],"<>") -> #DIV/0!
A61: 2706 | B61: 林德和 | C61: 資材課 | D61: 技術員 | E61: =AVERAGEIF(表格1_3[[#This Row],[部內分數]:[部內分數11]],"<>") -> #DIV/0! | F61: =AVERAGEIF(表格1_3[[#This Row],[跨共評]:[跨共評10]],"<>") -> #DIV/0! | G61: =AVERAGEIF(表格1_3[[#This Row],[複評]:[複評10]],"<>") -> #DIV/0!
A62: 1861 | B62: 戴曜瑋 | C62: 資材課 | D62: 技術員 | E62: =AVERAGEIF(表格1_3[[#This Row],[部內分數]:[部內分數11]],"<>") -> #DIV/0! | F62: =AVERAGEIF(表格1_3[[#This Row],[跨共評]:[跨共評10]],"<>") -> #DIV/0! | G62: =AVERAGEIF(表格1_3[[#This Row],[複評]:[複評10]],"<>") -> #DIV/0!
A63: 2200 | B63: 清馬拉 | C63: 資材課 | D63: 技術員 | E63: =AVERAGEIF(表格1_3[[#This Row],[部內分數]:[部內分數11]],"<>") -> #DIV/0! | F63: =AVERAGEIF(表格1_3[[#This Row],[跨共評]:[跨共評10]],"<>") -> #DIV/0! | G63: =AVERAGEIF(表格1_3[[#This Row],[複評]:[複評10]],"<>") -> #DIV/0!
A64: 2548 | B64: 尤念萍 | C64: 資材課 | D64: 班長 | E64: =AVERAGEIF(表格1_3[[#This Row],[部內分數]:[部內分數11]],"<>") -> #DIV/0! | F64: =AVERAGEIF(表格1_3[[#This Row],[跨共評]:[跨共評10]],"<>") -> #DIV/0! | G64: =AVERAGEIF(表格1_3[[#This Row],[複評]:[複評10]],"<>") -> #DIV/0!
A65: 2564 | B65: 陳孟怡 | C65: 資材課 | D65: 助理 | E65: =AVERAGEIF(表格1_3[[#This Row],[部內分數]:[部內分數11]],"<>") -> #DIV/0! | F65: =AVERAGEIF(表格1_3[[#This Row],[跨共評]:[跨共評10]],"<>") -> #DIV/0! | G65: =AVERAGEIF(表格1_3[[#This Row],[複評]:[複評10]],"<>") -> #DIV/0!
A66: 1172 | B66: 吉實達 | C66: 組二組 | D66: 組長 | E66: =AVERAGEIF(表格1_3[[#This Row],[部內分數]:[部內分數11]],"<>") -> #DIV/0! | F66: =AVERAGEIF(表格1_3[[#This Row],[跨共評]:[跨共評10]],"<>") -> #DIV/0! | G66: =AVERAGEIF(表格1_3[[#This Row],[複評]:[複評10]],"<>") -> #DIV/0!
A67: 2309 | B67: 潘盈蓁 | C67: 組二組 | D67: 技術員 | E67: =AVERAGEIF(表格1_3[[#This Row],[部內分數]:[部內分數11]],"<>") -> #DIV/0! | F67: =AVERAGEIF(表格1_3[[#This Row],[跨共評]:[跨共評10]],"<>") -> #DIV/0! | G67: =AVERAGEIF(表格1_3[[#This Row],[複評]:[複評10]],"<>") -> #DIV/0!
A68: 2699 | B68: 紀佩欣 | C68: 組二組 | D68: 副組長 | E68: =AVERAGEIF(表格1_3[[#This Row],[部內分數]:[部內分數11]],"<>") -> #DIV/0! | F68: =AVERAGEIF(表格1_3[[#This Row],[跨共評]:[跨共評10]],"<>") -> #DIV/0! | G68: =AVERAGEIF(表格1_3[[#This Row],[複評]:[複評10]],"<>") -> #DIV/0!
A69: 2849 | E69: =AVERAGEIF(表格1_3[[#This Row],[部內分數]:[部內分數11]],"<>") -> #DIV/0! | F69: =AVERAGEIF(表格1_3[[#This Row],[跨共評]:[跨共評10]],"<>") -> #DIV/0! | G69: =AVERAGEIF(表格1_3[[#This Row],[複評]:[複評10]],"<>") -> #DIV/0!
A70: 2850 | E70: =AVERAGEIF(表格1_3[[#This Row],[部內分數]:[部內分數11]],"<>") -> #DIV/0! | F70: =AVERAGEIF(表格1_3[[#This Row],[跨共評]:[跨共評10]],"<>") -> #DIV/0! | G70: =AVERAGEIF(表格1_3[[#This Row],[複評]:[複評10]],"<>") -> #DIV/0!
A71: 2870 | B71: 姜威藍 | C71: 組二組 | D71: 技術員 | E71: =AVERAGEIF(表格1_3[[#This Row],[部內分數]:[部內分數11]],"<>") -> #DIV/0! | F71: =AVERAGEIF(表格1_3[[#This Row],[跨共評]:[跨共評10]],"<>") -> #DIV/0! | G71: =AVERAGEIF(表格1_3[[#This Row],[複評]:[複評10]],"<>") -> #DIV/0!
A72: 2896 | B72: 郭藍林 | C72: 組二組 | D72: 技術員 | E72: =AVERAGEIF(表格1_3[[#This Row],[部內分數]:[部內分數11]],"<>") -> #DIV/0! | F72: =AVERAGEIF(表格1_3[[#This Row],[跨共評]:[跨共評10]],"<>") -> #DIV/0! | G72: =AVERAGEIF(表格1_3[[#This Row],[複評]:[複評10]],"<>") -> #DIV/0!
A73: 2866 | B73: 吳拉查 | C73: 組二組 | D73: 技術員 | E73: =AVERAGEIF(表格1_3[[#This Row],[部內分數]:[部內分數11]],"<>") -> #DIV/0! | F73: =AVERAGEIF(表格1_3[[#This Row],[跨共評]:[跨共評10]],"<>") -> #DIV/0! | G73: =AVERAGEIF(表格1_3[[#This Row],[複評]:[複評10]],"<>") -> #DIV/0!
A74: 1648 | B74: 陳凱 | C74: 組二組 | D74: 技術員 | E74: =AVERAGEIF(表格1_3[[#This Row],[部內分數]:[部內分數11]],"<>") -> #DIV/0! | F74: =AVERAGEIF(表格1_3[[#This Row],[跨共評]:[跨共評10]],"<>") -> #DIV/0! | G74: =AVERAGEIF(表格1_3[[#This Row],[複評]:[複評10]],"<>") -> #DIV/0!
A75: 3030 | B75: 查朋(新) | C75: 組二組 | D75: 技術員 | E75: =AVERAGEIF(表格1_3[[#This Row],[部內分數]:[部內分數11]],"<>") -> #DIV/0! | F75: =AVERAGEIF(表格1_3[[#This Row],[跨共評]:[跨共評10]],"<>") -> #DIV/0! | G75: =AVERAGEIF(表格1_3[[#This Row],[複評]:[複評10]],"<>") -> #DIV/0!
A76: 3031 | B76: 提拉瓦(新) | C76: 組二組 | D76: 技術員 | E76: =AVERAGEIF(表格1_3[[#This Row],[部內分數]:[部內分數11]],"<>") -> #DIV/0! | F76: =AVERAGEIF(表格1_3[[#This Row],[跨共評]:[跨共評10]],"<>") -> #DIV/0! | G76: =AVERAGEIF(表格1_3[[#This Row],[複評]:[複評10]],"<>") -> #DIV/0!
A77: 3019 | B77: 薩財(新) | C77: 組二組 | D77: 技術員 | E77: =AVERAGEIF(表格1_3[[#This Row],[部內分數]:[部內分數11]],"<>") -> #DIV/0! | F77: =AVERAGEIF(表格1_3[[#This Row],[跨共評]:[跨共評10]],"<>") -> #DIV/0! | G77: =AVERAGEIF(表格1_3[[#This Row],[複評]:[複評10]],"<>") -> #DIV/0!
A78: 3006 | B78: 三理(新) | C78: 組二組 | D78: 技術員 | E78: =AVERAGEIF(表格1_3[[#This Row],[部內分數]:[部內分數11]],"<>") -> #DIV/0! | F78: =AVERAGEIF(表格1_3[[#This Row],[跨共評]:[跨共評10]],"<>") -> #DIV/0! | G78: =AVERAGEIF(表格1_3[[#This Row],[複評]:[複評10]],"<>") -> #DIV/0!
A79: 3012 | B79: 林依婷 | C79: 品保課 | D79: 品檢員 | E79: =AVERAGEIF(表格1_3[[#This Row],[部內分數]:[部內分數11]],"<>") -> #DIV/0! | F79: =AVERAGEIF(表格1_3[[#This Row],[跨共評]:[跨共評10]],"<>") -> #DIV/0! | G79: =AVERAGEIF(表格1_3[[#This Row],[複評]:[複評10]],"<>") -> #DIV/0!
A80: 2984 | B80: 朱冠瑋 | C80: 品保課 | D80: 課長 | E80: =AVERAGEIF(表格1_3[[#This Row],[部內分數]:[部內分數11]],"<>") -> #DIV/0! | F80: =AVERAGEIF(表格1_3[[#This Row],[跨共評]:[跨共評10]],"<>") -> #DIV/0! | G80: =AVERAGEIF(表格1_3[[#This Row],[複評]:[複評10]],"<>") -> #DIV/0!
A81: 0012 | B81: 周清家 | C81: 品保課 | D81: 專員 | E81: =AVERAGEIF(表格1_3[[#This Row],[部內分數]:[部內分數11]],"<>") -> #DIV/0! | F81: =AVERAGEIF(表格1_3[[#This Row],[跨共評]:[跨共評10]],"<>") -> #DIV/0! | G81: =AVERAGEIF(表格1_3[[#This Row],[複評]:[複評10]],"<>") -> #DIV/0!
A82: 2334 | B82: 詹郁瑛 | C82: 品保課 | D82: 技術員 | E82: =AVERAGEIF(表格1_3[[#This Row],[部內分數]:[部內分數11]],"<>") -> #DIV/0! | F82: =AVERAGEIF(表格1_3[[#This Row],[跨共評]:[跨共評10]],"<>") -> #DIV/0! | G82: =AVERAGEIF(表格1_3[[#This Row],[複評]:[複評10]],"<>") -> #DIV/0!
... A88: 2817 | B88: 曾夷璋 | C88: 廠務部 | D88: 工程師 | E88: =AVERAGEIF(表格1_3[[#This Row],[部內分數]:[部內分數11]],"<>") -> #DIV/0! | F88: =AVERAGEIF(表格1_3[[#This Row],[跨共評]:[跨共評10]],"<>") -> #DIV/0! | G88: =AVERAGEIF(表格1_3[[#This Row],[複評]:[複評10]],"<>") -> #DIV/0!
A89: 2823 | E89: =AVERAGEIF(表格1_3[[#This Row],[部內分數]:[部內分數11]],"<>") -> #DIV/0! | F89: =AVERAGEIF(表格1_3[[#This Row],[跨共評]:[跨共評10]],"<>") -> #DIV/0! | G89: =AVERAGEIF(表格1_3[[#This Row],[複評]:[複評10]],"<>") -> #DIV/0!
A90: 2707 | B90: 蔡麗娟 | C90: 組三組 | D90: 技術員 | E90: =AVERAGEIF(表格1_3[[#This Row],[部內分數]:[部內分數11]],"<>") -> #DIV/0! | F90: =AVERAGEIF(表格1_3[[#This Row],[跨共評]:[跨共評10]],"<>") -> #DIV/0! | G90: =AVERAGEIF(表格1_3[[#This Row],[複評]:[複評10]],"<>") -> #DIV/0!
A91: 2264 | B91: 梁美麗 | C91: 組三組 | D91: 技術員 | E91: =AVERAGEIF(表格1_3[[#This Row],[部內分數]:[部內分數11]],"<>") -> #DIV/0! | F91: =AVERAGEIF(表格1_3[[#This Row],[跨共評]:[跨共評10]],"<>") -> #DIV/0! | G91: =AVERAGEIF(表格1_3[[#This Row],[複評]:[複評10]],"<>") -> #DIV/0!
A92: 1847 | B92: 郭韋霆 | C92: 組三組 | D92: 技術員 | E92: =AVERAGEIF(表格1_3[[#This Row],[部內分數]:[部內分數11]],"<>") -> #DIV/0! | F92: =AVERAGEIF(表格1_3[[#This Row],[跨共評]:[跨共評10]],"<>") -> #DIV/0! | G92: =AVERAGEIF(表格1_3[[#This Row],[複評]:[複評10]],"<>") -> #DIV/0!
A93: 2220 | B93: 莊慈君 | C93: 組三組 | D93: 技術員 | E93: =AVERAGEIF(表格1_3[[#This Row],[部內分數]:[部內分數11]],"<>") -> #DIV/0! | F93: =AVERAGEIF(表格1_3[[#This Row],[跨共評]:[跨共評10]],"<>") -> #DIV/0! | G93: =AVERAGEIF(表格1_3[[#This Row],[複評]:[複評10]],"<>") -> #DIV/0!
A94: 1874 | B94: 林綉玲 | C94: 組三組 | D94: 技術員 | E94: =AVERAGEIF(表格1_3[[#This Row],[部內分數]:[部內分數11]],"<>") -> #DIV/0! | F94: =AVERAGEIF(表格1_3[[#This Row],[跨共評]:[跨共評10]],"<>") -> #DIV/0! | G94: =AVERAGEIF(表格1_3[[#This Row],[複評]:[複評10]],"<>") -> #DIV/0!
A95: 2012 | B95: 馬程鳳 | C95: 組三組 | D95: 技術員 | E95: =AVERAGEIF(表格1_3[[#This Row],[部內分數]:[部內分數11]],"<>") -> #DIV/0! | F95: =AVERAGEIF(表格1_3[[#This Row],[跨共評]:[跨共評10]],"<>") -> #DIV/0! | G95: =AVERAGEIF(表格1_3[[#This Row],[複評]:[複評10]],"<>") -> #DIV/0!
A96: 2996 | E96: =AVERAGEIF(表格1_3[[#This Row],[部內分數]:[部內分數11]],"<>") -> #DIV/0! | F96: =AVERAGEIF(表格1_3[[#This Row],[跨共評]:[跨共評10]],"<>") -> #DIV/0! | G96: =AVERAGEIF(表格1_3[[#This Row],[複評]:[複評10]],"<>") -> #DIV/0!
A97: 3000 | B97: 拉桑(新) | C97: 組三組 | D97: 技術員 | E97: =AVERAGEIF(表格1_3[[#This Row],[部內分數]:[部內分數11]],"<>") -> #DIV/0! | F97: =AVERAGEIF(表格1_3[[#This Row],[跨共評]:[跨共評10]],"<>") -> #DIV/0! | G97: =AVERAGEIF(表格1_3[[#This Row],[複評]:[複評10]],"<>") -> #DIV/0!
A98: 1834 | B98: 阮美和 | C98: 組三組 | D98: 技術員 | E98: =AVERAGEIF(表格1_3[[#This Row],[部內分數]:[部內分數11]],"<>") -> #DIV/0! | F98: =AVERAGEIF(表格1_3[[#This Row],[跨共評]:[跨共評10]],"<>") -> #DIV/0! | G98: =AVERAGEIF(表格1_3[[#This Row],[複評]:[複評10]],"<>") -> #DIV/0!
A99: 3023 | B99: 拉匹潘(新) | C99: 組三組 | D99: 技術員 | E99: =AVERAGEIF(表格1_3[[#This Row],[部內分數]:[部內分數11]],"<>") -> #DIV/0! | F99: =AVERAGEIF(表格1_3[[#This Row],[跨共評]:[跨共評10]],"<>") -> #DIV/0! | G99: =AVERAGEIF(表格1_3[[#This Row],[複評]:[複評10]],"<>") -> #DIV/0!
A100: 3027 | B100: 阿匹雷(新) | C100: 組三組 | D100: 技術員 | E100: =AVERAGEIF(表格1_3[[#This Row],[部內分數]:[部內分數11]],"<>") -> #DIV/0! | F100: =AVERAGEIF(表格1_3[[#This Row],[跨共評]:[跨共評10]],"<>") -> #DIV/0! | G100: =AVERAGEIF(表格1_3[[#This Row],[複評]:[複評10]],"<>") -> #DIV/0!
A101: 2413 | B101: 王柳琦 | C101: 研發課 | D101: 工程師 | E101: =AVERAGEIF(表格1_3[[#This Row],[部內分數]:[部內分數11]],"<>") -> #DIV/0! | F101: =AVERAGEIF(表格1_3[[#This Row],[跨共評]:[跨共評10]],"<>") -> #DIV/0! | G101: =AVERAGEIF(表格1_3[[#This Row],[複評]:[複評10]],"<>") -> #DIV/0!
A102: 2906 | B102: 黃繼億 | C102: 研發課 | D102: 工程師 | E102: =AVERAGEIF(表格1_3[[#This Row],[部內分數]:[部內分數11]],"<>") -> #DIV/0! | F102: =AVERAGEIF(表格1_3[[#This Row],[跨共評]:[跨共評10]],"<>") -> #DIV/0! | G102: =AVERAGEIF(表格1_3[[#This Row],[複評]:[複評10]],"<>") -> #DIV/0!
A103: 2270 | B103: 徐惠蘭 | C103: 研發課 | D103: 助理 | E103: =AVERAGEIF(表格1_3[[#This Row],[部內分數]:[部內分數11]],"<>") -> #DIV/0! | F103: =AVERAGEIF(表格1_3[[#This Row],[跨共評]:[跨共評10]],"<>") -> #DIV/0! | G103: =AVERAGEIF(表格1_3[[#This Row],[複評]:[複評10]],"<>") -> #DIV/0!
A104: 1232 | B104: 白惇維 | C104: 研發課 | D104: 課長 | E104: =AVERAGEIF(表格1_3[[#This Row],[部內分數]:[部內分數11]],"<>") -> #DIV/0! | F104: =AVERAGEIF(表格1_3[[#This Row],[跨共評]:[跨共評10]],"<>") -> #DIV/0! | G104: =AVERAGEIF(表格1_3[[#This Row],[複評]:[複評10]],"<>") -> #DIV/0!
A105: 2173 | B105: 沙洋 | C105: 研發課 | D105: 技術員 | E105: =AVERAGEIF(表格1_3[[#This Row],[部內分數]:[部內分數11]],"<>") -> #DIV/0! | F105: =AVERAGEIF(表格1_3[[#This Row],[跨共評]:[跨共評10]],"<>") -> #DIV/0! | G105: =AVERAGEIF(表格1_3[[#This Row],[複評]:[複評10]],"<>") -> #DIV/0!
A106: 2186 | B106: 孫培娜 | C106: 加工組 | D106: 技術員 | E106: =AVERAGEIF(表格1_3[[#This Row],[部內分數]:[部內分數11]],"<>") -> #DIV/0! | F106: =AVERAGEIF(表格1_3[[#This Row],[跨共評]:[跨共評10]],"<>") -> #DIV/0! | G106: =AVERAGEIF(表格1_3[[#This Row],[複評]:[複評10]],"<>") -> #DIV/0!
A107: 2582 | B107: 張政芳 | C107: 加工組 | D107: 技術員 | E107: =AVERAGEIF(表格1_3[[#This Row],[部內分數]:[部內分數11]],"<>") -> #DIV/0! | F107: =AVERAGEIF(表格1_3[[#This Row],[跨共評]:[跨共評10]],"<>") -> #DIV/0! | G107: =AVERAGEIF(表格1_3[[#This Row],[複評]:[複評10]],"<>") -> #DIV/0!
A108: 2588 | B108: 瓦山 | C108: 加工組 | D108: 技術員 | E108: =AVERAGEIF(表格1_3[[#This Row],[部內分數]:[部內分數11]],"<>") -> #DIV/0! | F108: =AVERAGEIF(表格1_3[[#This Row],[跨共評]:[跨共評10]],"<>") -> #DIV/0! | G108: =AVERAGEIF(表格1_3[[#This Row],[複評]:[複評10]],"<>") -> #DIV/0!
... A119: 2884 | B119: 張舒涵 | C119: 加工組 | D119: 儲備幹部 | E119: =AVERAGEIF(表格1_3[[#This Row],[部內分數]:[部內分數11]],"<>") -> #DIV/0! | F119: =AVERAGEIF(表格1_3[[#This Row],[跨共評]:[跨共評10]],"<>") -> #DIV/0! | G119: =AVERAGEIF(表格1_3[[#This Row],[複評]:[複評10]],"<>") -> #DIV/0!
...

Sheet 員工資料 (2)
A1: 是否建立 | B1: 工號 | C1: 姓名 | D1: 部門 | E1: 職位 | F1: 直接主管 | G1: 不包含獎懲總分 | H1: 等級 | I1: 全公司排名 | J1: 加權後總分 | K1: 等級2 | L1: 全公司排名2 | M1: 部內分數/初評 | N1: 跨部門分數 | O1: 主管複評 | P1: 嘉獎 | Q1: 小功 | R1: 大功 | S1: 申誡 | T1: 小過 | U1: 大過 | V1: 獎懲分數 | W1: 加權後總分
A2: ✓✓ | B2: =IFERROR( INDEX(員工資料!$C$2:$C$999, SMALL( IF!$I$2:$I$999=$A2, ROW([Sheet1]Sheet1!$I$2:$I$999)-ROW([Sheet1]Sheet1!$I$2)+1 ), COUNTIF($A$2:$A2,$A2) ) ), "") | C2: 鄭淑鐘 | D2: 業務課 | E2: 助理專員 | F2: 伍珈彣 | G2: =表格1_6[[#This Row],[加權後總分]]-表格1_6[[#This Row],[獎懲分數]] -> #DIV/0! | H2: =IF(表格1_6[[#This Row],[不包含獎懲總分]]>=90,"A", IF(表格1_6[[#This Row],[不包含獎懲總分]]>=80,"B", IF(表格1_6[[#This Row],[不包含獎懲總分]]>=70,"C", IF(表格1_6[[#This Row],[不包含獎懲總分]]>=60,"D","E")))) -> #DIV/0! | I2: =_xlfn.RANK.EQ(G2,$G$2:$G$146,0) -> #DIV/0! | J2: =IF( AND(M2<>"",N2<>"",O2<>""), M2*20% + N2*50% + O2*30%, IF( AND(M2<>"",N2="",O2=""), M2, IF( AND(M2="",N2<>"",O2=""), N2, IF( AND(M2="",N2="",O2<>""), O2, IF( AND(M2<>"",N2<>"",O2=""), M2/(20%+50%)*20% + N2/(20%+50%)*50%, IF( AND(M2<>"",N2="",O2<>""), M2/(20%+30%)*20% + O2/(20%+30%)*30%, IF( AND(M2="",N2<>"",O2<>""), N2/(50%+30%)*50% + O2/(50%+30%)*30%, "" ) ) ) ) ) ) ) -> #DIV/0! | K2: =IF(J2>=90,"A", IF(J2>=80,"B", IF(J2>=70,"C", IF(J2>=60,"D","E")))) -> #DIV/0! | L2: =_xlfn.RANK.EQ(J2,$J$2:$J$146,0) -> #DIV/0! | M2: =表格1_3[[#This Row],[部內平均]] -> #DIV/0! | N2: =表格1_3[[#This Row],[共評平均]] -> #DIV/0! | O2: =表格1_3[[#This Row],[複評平均]] -> #DIV/0! | W2: #DIV/0!
A3: ✓✓ | B3: 2856 | C3: 陳玉慧 | D3: 業務課 | E3: 業務助理 | F3: 伍珈彣 | G3: =表格1_6[[#This Row],[加權後總分]]-表格1_6[[#This Row],[獎懲分數]] -> #DIV/0! | H3: =IF(表格1_6[[#This Row],[不包含獎懲總分]]>=90,"A", IF(表格1_6[[#This Row],[不包含獎懲總分]]>=80,"B", IF(表格1_6[[#This Row],[不包含獎懲總分]]>=70,"C", IF(表格1_6[[#This Row],[不包含獎懲總分]]>=60,"D","E")))) -> #DIV/0! | I3: =_xlfn.RANK.EQ(G3,$G$2:$G$146,0) -> #DIV/0! | J3: =IF( AND(M3<>"",N3<>"",O3<>""), M3*20% + N3*50% + O3*30%, IF( AND(M3<>"",N3="",O3=""), M3, IF( AND(M3="",N3<>"",O3=""), N3, IF( AND(M3="",N3="",O3<>""), O3, IF( AND(M3<>"",N3<>"",O3=""), M3/(20%+50%)*20% + N3/(20%+50%)*50%, IF( AND(M3<>"",N3="",O3<>""), M3/(20%+30%)*20% + O3/(20%+30%)*30%, IF( AND(M3="",N3<>"",O3<>""), N3/(50%+30%)*50% + O3/(50%+30%)*30%, "" ) ) ) ) ) ) + V3 ) -> #DIV/0! | K3: =IF(J3>=90,"A", IF(J3>=80,"B", IF(J3>=70,"C", IF(J3>=60,"D","E")))) -> #DIV/0! | L3: =_xlfn.RANK.EQ(J3,$J$2:$J$146,0) -> #DIV/0! | M3: =表格1_3[[#This Row],[部內平均]] -> #DIV/0! | N3: =表格1_3[[#This Row],[共評平均]] -> #DIV/0! | O3: =表格1_3[[#This Row],[複評平均]] -> #DIV/0! | W3: 109.61905 | X3: 1
A4: ✓✓ | B4: 2223 | C4: 伍珈彣 | D4: 業務課 | E4: 組長 | F4: 鄭景文 | G4: =表格1_6[[#This Row],[加權後總分]]-表格1_6[[#This Row],[獎懲分數]] -> #DIV/0! | H4: =IF(表格1_6[[#This Row],[不包含獎懲總分]]>=90,"A", IF(表格1_6[[#This Row],[不包含獎懲總分]]>=80,"B", IF(表格1_6[[#This Row],[不包含獎懲總分]]>=70,"C", IF(表格1_6[[#This Row],[不包含獎懲總分]]>=60,"D","E")))) -> #DIV/0! | I4: =_xlfn.RANK.EQ(G4,$G$2:$G$146,0) -> #DIV/0! | J4: =IF( AND(M4<>"",N4<>"",O4<>""), M4*20% + N4*50% + O4*30%, IF( AND(M4<>"",N4="",O4=""), M4, IF( AND(M4="",N4<>"",O4=""), N4, IF( AND(M4="",N4="",O4<>""), O4, IF( AND(M4<>"",N4<>"",O4=""), M4/(20%+50%)*20% + N4/(20%+50%)*50%, IF( AND(M4<>"",N4="",O4<>""), M4/(20%+30%)*20% + O4/(20%+30%)*30%, IF( AND(M4="",N4<>"",O4<>""), N4/(50%+30%)*50% + O4/(50%+30%)*30%, "" ) ) ) ) ) ) + V4+1 ) -> #DIV/0! | K4: =IF(J4>=90,"A", IF(J4>=80,"B", IF(J4>=70,"C", IF(J4>=60,"D","E")))) -> #DIV/0! | L4: =_xlfn.RANK.EQ(J4,$J$2:$J$146,0) -> #DIV/0! | M4: =表格1_3[[#This Row],[部內平均]] -> #DIV/0! | N4: =表格1_3[[#This Row],[共評平均]] -> #DIV/0! | W4: 87.6 | X4: 2
A5: ✓ | B5: 1115 | C5: 賴慶燁 | D5: 塗裝組 | E5: 助理工程師 | F5: 郭惠燕 | G5: =表格1_6[[#This Row],[加權後總分]]-表格1_6[[#This Row],[獎懲分數]] -> #DIV/0! | H5: =IF(表格1_6[[#This Row],[不包含獎懲總分]]>=90,"A", IF(表格1_6[[#This Row],[不包含獎懲總分]]>=80,"B", IF(表格1_6[[#This Row],[不包含獎懲總分]]>=70,"C", IF(表格1_6[[#This Row],[不包含獎懲總分]]>=60,"D","E")))) -> #DIV/0! | I5: =_xlfn.RANK.EQ(G5,$G$2:$G$146,0) -> #DIV/0! | J5: =IF( AND(M5<>"",N5<>"",O5<>""), M5*20% + N5*50% + O5*30%, IF( AND(M5<>"",N5="",O5=""), M5, IF( AND(M5="",N5<>"",O5=""), N5, IF( AND(M5="",N5="",O5<>""), O5, IF( AND(M5<>"",N5<>"",O5=""), M5/(20%+50%)*20% + N5/(20%+50%)*50%, IF( AND(M5<>"",N5="",O5<>""), M5/(20%+30%)*20% + O5/(20%+30%)*30%, IF( AND(M5="",N5<>"",O5<>""), N5/(50%+30%)*50% + O5/(50%+30%)*30%, "" ) ) ) ) ) ) + V5 ) -> #DIV/0! | K5: =IF(J5>=90,"A", IF(J5>=80,"B", IF(J5>=70,"C", IF(J5>=60,"D","E")))) -> #DIV/0! | L5: =_xlfn.RANK.EQ(J5,$J$2:$J$146,0) -> #DIV/0! | M5: =表格1_3[[#This Row],[部內平均]] -> #DIV/0! | O5: =表格1_3[[#This Row],[複評平均]] -> #DIV/0! | W5: 87.2 | X5: 3
A6: 移工 | B6: 3024 | C6: 那彭 | D6: 塗裝組 | E6: 技術員 | F6: 郭惠燕 | G6: =表格1_6[[#This Row],[加權後總分]]-表格1_6[[#This Row],[獎懲分數]] -> #DIV/0! | H6: =IF(表格1_6[[#This Row],[不包含獎懲總分]]>=90,"A", IF(表格1_6[[#This Row],[不包含獎懲總分]]>=80,"B", IF(表格1_6[[#This Row],[不包含獎懲總分]]>=70,"C", IF(表格1_6[[#This Row],[不包含獎懲總分]]>=60,"D","E")))) -> #DIV/0! | I6: =_xlfn.RANK.EQ(G6,$G$2:$G$146,0) -> #DIV/0! | J6: =IF( AND(M6<>"",N6<>"",O6<>""), M6*20% + N6*50% + O6*30%, IF( AND(M6<>"",N6="",O6=""), M6, IF( AND(M6="",N6<>"",O6=""), N6, IF( AND(M6="",N6="",O6<>""), O6, IF( AND(M6<>"",N6<>"",O6=""), M6/(20%+50%)*20% + N6/(20%+50%)*50%, IF( AND(M6<>"",N6="",O6<>""), M6/(20%+30%)*20% + O6/(20%+30%)*30%, IF( AND(M6="",N6<>"",O6<>""), N6/(50%+30%)*50% + O6/(50%+30%)*30%, "" ) ) ) ) ) ) + V6 ) -> #DIV/0! | K6: =IF(J6>=90,"A", IF(J6>=80,"B", IF(J6>=70,"C", IF(J6>=60,"D","E")))) -> #DIV/0! | L6: =_xlfn.RANK.EQ(J6,$J$2:$J$146,0) -> #DIV/0! | M6: =表格1_3[[#This Row],[部內平均]] -> #DIV/0! | O6: =表格1_3[[#This Row],[複評平均]] -> #DIV/0! | W6: 86 | X6: 4
A7: 移工 | B7: 2928 | C7: 夏塔拉 | D7: 塗裝組 | E7: 技術員 | F7: 郭惠燕 | G7: =表格1_6[[#This Row],[加權後總分]]-表格1_6[[#This Row],[獎懲分數]] -> #DIV/0! | H7: =IF(表格1_6[[#This Row],[不包含獎懲總分]]>=90,"A", IF(表格1_6[[#This Row],[不包含獎懲總分]]>=80,"B", IF(表格1_6[[#This Row],[不包含獎懲總分]]>=70,"C", IF(表格1_6[[#This Row],[不包含獎懲總分]]>=60,"D","E")))) -> #DIV/0! | I7: =_xlfn.RANK.EQ(G7,$G$2:$G$146,0) -> #DIV/0! | J7: =IF( AND(M7<>"",N7<>"",O7<>""), M7*20% + N7*50% + O7*30%, IF( AND(M7<>"",N7="",O7=""), M7, IF( AND(M7="",N7<>"",O7=""), N7, IF( AND(M7="",N7="",O7<>""), O7, IF( AND(M7<>"",N7<>"",O7=""), M7/(20%+50%)*20% + N7/(20%+50%)*50%, IF( AND(M7<>"",N7="",O7<>""), M7/(20%+30%)*20% + O7/(20%+30%)*30%, IF( AND(M7="",N7<>"",O7<>""), N7/(50%+30%)*50% + O7/(50%+30%)*30%, "" ) ) ) ) ) ) + V7 ) -> #DIV/0! | K7: =IF(J7>=90,"A", IF(J7>=80,"B", IF(J7>=70,"C", IF(J7>=60,"D","E")))) -> #DIV/0! | L7: =_xlfn.RANK.EQ(J7,$J$2:$J$146,0) -> #DIV/0! | M7: =表格1_3[[#This Row],[部內平均]] -> #DIV/0! | O7: =表格1_3[[#This Row],[複評平均]] -> #DIV/0! | W7: 85.8 | X7: 5
A8: 移工 | B8: 2968 | C8: 馬立泥 | D8: 塗裝組 | E8: 技術員 | F8: 郭惠燕 | G8: =表格1_6[[#This Row],[加權後總分]]-表格1_6[[#This Row],[獎懲分數]] -> #DIV/0! | H8: =IF(表格1_6[[#This Row],[不包含獎懲總分]]>=90,"A", IF(表格1_6[[#This Row],[不包含獎懲總分]]>=80,"B", IF(表格1_6[[#This Row],[不包含獎懲總分]]>=70,"C", IF(表格1_6[[#This Row],[不包含獎懲總分]]>=60,"D","E")))) -> #DIV/0! | I8: =_xlfn.RANK.EQ(G8,$G$2:$G$146,0) -> #DIV/0! | J8: =IF( AND(M8<>"",N8<>"",O8<>""), M8*20% + N8*50% + O8*30%, IF( AND(M8<>"",N8="",O8=""), M8, IF( AND(M8="",N8<>"",O8=""), N8, IF( AND(M8="",N8="",O8<>""), O8, IF( AND(M8<>"",N8<>"",O8=""), M8/(20%+50%)*20% + N8/(20%+50%)*50%, IF( AND(M8<>"",N8="",O8<>""), M8/(20%+30%)*20% + O8/(20%+30%)*30%, IF( AND(M8="",N8<>"",O8<>""), N8/(50%+30%)*50% + O8/(50%+30%)*30%, "" ) ) ) ) ) ) + V8 ) -> #DIV/0! | K8: =IF(J8>=90,"A", IF(J8>=80,"B", IF(J8>=70,"C", IF(J8>=60,"D","E")))) -> #DIV/0! | L8: =_xlfn.RANK.EQ(J8,$J$2:$J$146,0) -> #DIV/0! | M8: =表格1_3[[#This Row],[部內平均]] -> #DIV/0! | O8: =表格1_3[[#This Row],[複評平均]] -> #DIV/0! | W8: 84.866667 | X8: 6
A9: 移工 | B9: 3002 | C9: 肅坦 | D9: 塗裝組 | E9: 技術員 | F9: 白惇維 | G9: =表格1_6[[#This Row],[加權後總分]]-表格1_6[[#This Row],[獎懲分數]] -> #DIV/0! | H9: =IF(表格1_6[[#This Row],[不包含獎懲總分]]>=90,"A", IF(表格1_6[[#This Row],[不包含獎懲總分]]>=80,"B", IF(表格1_6[[#This Row],[不包含獎懲總分]]>=70,"C", IF(表格1_6[[#This Row],[不包含獎懲總分]]>=60,"D","E")))) -> #DIV/0! | I9: =_xlfn.RANK.EQ(G9,$G$2:$G$146,0) -> #DIV/0! | J9: =IF( AND(M9<>"",N9<>"",O9<>""), M9*20% + N9*50% + O9*30%, IF( AND(M9<>"",N9="",O9=""), M9, IF( AND(M9="",N9<>"",O9=""), N9, IF( AND(M9="",N9="",O9<>""), O9, IF( AND(M9<>"",N9<>"",O9=""), M9/(20%+50%)*20% + N9/(20%+50%)*50%, IF( AND(M9<>"",N9="",O9<>""), M9/(20%+30%)*20% + O9/(20%+30%)*30%, IF( AND(M9="",N9<>"",O9<>""), N9/(50%+30%)*50% + O9/(50%+30%)*30%, "" ) ) ) ) ) ) + V9 ) -> #DIV/0! | K9: =IF(J9>=90,"A", IF(J9>=80,"B", IF(J9>=70,"C", IF(J9>=60,"D","E")))) -> #DIV/0! | L9: =_xlfn.RANK.EQ(J9,$J$2:$J$146,0) -> #DIV/0! | M9: =表格1_3[[#This Row],[部內平均]] -> #DIV/0! | O9: =表格1_3[[#This Row],[複評平均]] -> #DIV/0! | W9: 84.8 | X9: 7
A10: 移工 | B10: 3003 | C10: 百翔 | D10: 塗裝組 | E10: 技術員 | F10: 白惇維 | G10: =表格1_6[[#This Row],[加權後總分]]-表格1_6[[#This Row],[獎懲分數]] -> #DIV/0! | H10: =IF(表格1_6[[#This Row],[不包含獎懲總分]]>=90,"A", IF(表格1_6[[#This Row],[不包含獎懲總分]]>=80,"B", IF(表格1_6[[#This Row],[不包含獎懲總分]]>=70,"C", IF(表格1_6[[#This Row],[不包含獎懲總分]]>=60,"D","E")))) -> #DIV/0! | I10: =_xlfn.RANK.EQ(G10,$G$2:$G$146,0) -> #DIV/0! | J10: =IF( AND(M10<>"",N10<>"",O10<>""), M10*20% + N10*50% + O10*30%, IF( AND(M10<>"",N10="",O10=""), M10, IF( AND(M10="",N10<>"",O10=""), N10, IF( AND(M10="",N10="",O10<>""), O10, IF( AND(M10<>"",N10<>"",O10=""), M10/(20%+50%)*20% + N10/(20%+50%)*50%, IF( AND(M10<>"",N10="",O10<>""), M10/(20%+30%)*20% + O10/(20%+30%)*30%, IF( AND(M10="",N10<>"",O10<>""), N10/(50%+30%)*50% + O10/(50%+30%)*30%, "" ) ) ) ) ) ) + V10 ) -> #DIV/0! | K10: =IF(J10>=90,"A", IF(J10>=80,"B", IF(J10>=70,"C", IF(J10>=60,"D","E")))) -> #DIV/0! | L10: =_xlfn.RANK.EQ(J10,$J$2:$J$146,0) -> #DIV/0! | M10: =表格1_3[[#This Row],[部內平均]] -> #DIV/0! | O10: =表格1_3[[#This Row],[複評平均]] -> #DIV/0! | W10: 83.8 | X10: 8
A11: 移工 | B11: 3005 | C11: 隆峽 | D11: 塗裝組 | E11: 技術員 | F11: 郭惠燕 | G11: =表格1_6[[#This Row],[加權後總分]]-表格1_6[[#This Row],[獎懲分數]] -> #DIV/0! | H11: =IF(表格1_6[[#This Row],[不包含獎懲總分]]>=90,"A", IF(表格1_6[[#This Row],[不包含獎懲總分]]>=80,"B", IF(表格1_6[[#This Row],[不包含獎懲總分]]>=70,"C", IF(表格1_6[[#This Row],[不包含獎懲總分]]>=60,"D","E")))) -> #DIV/0! | I11: =_xlfn.RANK.EQ(G11,$G$2:$G$146,0) -> #DIV/0! | J11: =IF( AND(M11<>"",N11<>"",O11<>""), M11*20% + N11*50% + O11*30%, IF( AND(M11<>"",N11="",O11=""), M11, IF( AND(M11="",N11<>"",O11=""), N11, IF( AND(M11="",N11="",O11<>""), O11, IF( AND(M11<>"",N11<>"",O11=""), M11/(20%+50%)*20% + N11/(20%+50%)*50%, IF( AND(M11<>"",N11="",O11<>""), M11/(20%+30%)*20% + O11/(20%+30%)*30%, IF( AND(M11="",N11<>"",O11<>""), N11/(50%+30%)*50% + O11/(50%+30%)*30%, "" ) ) ) ) ) ) + V11 ) -> #DIV/0! | K11: =IF(J11>=90,"A", IF(J11>=80,"B", IF(J11>=70,"C", IF(J11>=60,"D","E")))) -> #DIV/0! | L11: =_xlfn.RANK.EQ(J11,$J$2:$J$146,0) -> #DIV/0! | M11: =表格1_3[[#This Row],[部內平均]] -> #DIV/0! | O11: =表格1_3[[#This Row],[複評平均]] -> #DIV/0! | W11: 83.8 | X11: 9
A12: 移工 | B12: 2873 | C12: 松沙 | D12: 塗裝組 | E12: 技術員 | F12: 郭惠燕 | G12: =表格1_6[[#This Row],[加權後總分]]-表格1_6[[#This Row],[獎懲分數]] -> #DIV/0! | H12: =IF(表格1_6[[#This Row],[不包含獎懲總分]]>=90,"A", IF(表格1_6[[#This Row],[不包含獎懲總分]]>=80,"B", IF(表格1_6[[#This Row],[不包含獎懲總分]]>=70,"C", IF(表格1_6[[#This Row],[不包含獎懲總分]]>=60,"D","E")))) -> #DIV/0! | I12: =_xlfn.RANK.EQ(G12,$G$2:$G$146,0) -> #DIV/0! | J12: =IF( AND(M12<>"",N12<>"",O12<>""), M12*20% + N12*50% + O12*30%, IF( AND(M12<>"",N12="",O12=""), M12, IF( AND(M12="",N12<>"",O12=""), N12, IF( AND(M12="",N12="",O12<>""), O12, IF( AND(M12<>"",N12<>"",O12=""), M12/(20%+50%)*20% + N12/(20%+50%)*50%, IF( AND(M12<>"",N12="",O12<>""), M12/(20%+30%)*20% + O12/(20%+30%)*30%, IF( AND(M12="",N12<>"",O12<>""), N12/(50%+30%)*50% + O12/(50%+30%)*30%, "" ) ) ) ) ) ) + V12 ) -> #DIV/0! | K12: =IF(J12>=90,"A", IF(J12>=80,"B", IF(J12>=70,"C", IF(J12>=60,"D","E")))) -> #DIV/0! | L12: =_xlfn.RANK.EQ(J12,$J$2:$J$146,0) -> #DIV/0! | M12: =表格1_3[[#This Row],[部內平均]] -> #DIV/0! | O12: =表格1_3[[#This Row],[複評平均]] -> #DIV/0! | W12: 83.6 | X12: 10
A13: 移工 | B13: 2869 | C13: 宇藍南 | D13: 塗裝組 | E13: 技術員 | F13: 周清家 | G13: =表格1_6[[#This Row],[加權後總分]]-表格1_6[[#This Row],[獎懲分數]] -> #DIV/0! | H13: =IF(表格1_6[[#This Row],[不包含獎懲總分]]>=90,"A", IF(表格1_6[[#This Row],[不包含獎懲總分]]>=80,"B", IF(表格1_6[[#This Row],[不包含獎懲總分]]>=70,"C", IF(表格1_6[[#This Row],[不包含獎懲總分]]>=60,"D","E")))) -> #DIV/0! | I13: =_xlfn.RANK.EQ(G13,$G$2:$G$146,0) -> #DIV/0! | J13: =IF( AND(M13<>"",N13<>"",O13<>""), M13*20% + N13*50% + O13*30%, IF( AND(M13<>"",N13="",O13=""), M13, IF( AND(M13="",N13<>"",O13=""), N13, IF( AND(M13="",N13="",O13<>""), O13, IF( AND(M13<>"",N13<>"",O13=""), M13/(20%+50%)*20% + N13/(20%+50%)*50%, IF( AND(M13<>"",N13="",O13<>""), M13/(20%+30%)*20% + O13/(20%+30%)*30%, IF( AND(M13="",N13<>"",O13<>""), N13/(50%+30%)*50% + O13/(50%+30%)*30%, "" ) ) ) ) ) ) + V13 ) -> #DIV/0! | K13: =IF(J13>=90,"A", IF(J13>=80,"B", IF(J13>=70,"C", IF(J13>=60,"D","E")))) -> #DIV/0! | L13: =_xlfn.RANK.EQ(J13,$J$2:$J$146,0) -> #DIV/0! | M13: =表格1_3[[#This Row],[部內平均]] -> #DIV/0! | O13: =表格1_3[[#This Row],[複評平均]] -> #DIV/0! | W13: 83.6 | X13: 11
A14: 移工 | B14: 2909 | C14: 南龍裡 | D14: 塗裝組 | E14: 技術員 | F14: 郭惠燕 | G14: =表格1_6[[#This Row],[加權後總分]]-表格1_6[[#This Row],[獎懲分數]] -> #DIV/0! | H14: =IF(表格1_6[[#This Row],[不包含獎懲總分]]>=90,"A", IF(表格1_6[[#This Row],[不包含獎懲總分]]>=80,"B", IF(表格1_6[[#This Row],[不包含獎懲總分]]>=70,"C", IF(表格1_6[[#This Row],[不包含獎懲總分]]>=60,"D","E")))) -> #DIV/0! | I14: =_xlfn.RANK.EQ(G14,$G$2:$G$146,0) -> #DIV/0! | J14: =IF( AND(M14<>"",N14<>"",O14<>""), M14*20% + N14*50% + O14*30%, IF( AND(M14<>"",N14="",O14=""), M14, IF( AND(M14="",N14<>"",O14=""), N14, IF( AND(M14="",N14="",O14<>""), O14, IF( AND(M14<>"",N14<>"",O14=""), M14/(20%+50%)*20% + N14/(20%+50%)*50%, IF( AND(M14<>"",N14="",O14<>""), M14/(20%+30%)*20% + O14/(20%+30%)*30%, IF( AND(M14="",N14<>"",O14<>""), N14/(50%+30%)*50% + O14/(50%+30%)*30%, "" ) ) ) ) ) ) + V14 ) -> #DIV/0! | K14: =IF(J14>=90,"A", IF(J14>=80,"B", IF(J14>=70,"C", IF(J14>=60,"D","E")))) -> #DIV/0! | L14: =_xlfn.RANK.EQ(J14,$J$2:$J$146,0) -> #DIV/0! | M14: =表格1_3[[#This Row],[部內平均]] -> #DIV/0! | O14: =表格1_3[[#This Row],[複評平均]] -> #DIV/0! | W14: 82.8 | X14: 12
A15: 移工 | B15: 2910 | C15: 南天鵬 | D15: 塗裝組 | E15: 技術員 | F15: 周清家 | G15: =表格1_6[[#This Row],[加權後總分]]-表格1_6[[#This Row],[獎懲分數]] -> #DIV/0! | H15: =IF(表格1_6[[#This Row],[不包含獎懲總分]]>=90,"A", IF(表格1_6[[#This Row],[不包含獎懲總分]]>=80,"B", IF(表格1_6[[#This Row],[不包含獎懲總分]]>=70,"C", IF(表格1_6[[#This Row],[不包含獎懲總分]]>=60,"D","E")))) -> #DIV/0! | I15: =_xlfn.RANK.EQ(G15,$G$2:$G$146,0) -> #DIV/0! | J15: =IF( AND(M15<>"",N15<>"",O15<>""), M15*20% + N15*50% + O15*30%, IF( AND(M15<>"",N15="",O15=""), M15, IF( AND(M15="",N15<>"",O15=""), N15, IF( AND(M15="",N15="",O15<>""), O15, IF( AND(M15<>"",N15<>"",O15=""), M15/(20%+50%)*20% + N15/(20%+50%)*50%, IF( AND(M15<>"",N15="",O15<>""), M15/(20%+30%)*20% + O15/(20%+30%)*30%, IF( AND(M15="",N15<>"",O15<>""), N15/(50%+30%)*50% + O15/(50%+30%)*30%, "" ) ) ) ) ) ) + V15 ) -> #DIV/0! | K15: =IF(J15>=90,"A", IF(J15>=80,"B", IF(J15>=70,"C", IF(J15>=60,"D","E")))) -> #DIV/0! | L15: =_xlfn.RANK.EQ(J15,$J$2:$J$146,0) -> #DIV/0! | M15: =表格1_3[[#This Row],[部內平均]] -> #DIV/0! | O15: =表格1_3[[#This Row],[複評平均]] -> #DIV/0! | W15: 82.2 | X15: 13
A16: 移工 | B16: 2776 | C16: 陳俊智 | D16: 塗裝組 | E16: 技術員 | F16: 郭惠燕 | G16: =表格1_6[[#This Row],[加權後總分]]-表格1_6[[#This Row],[獎懲分數]] -> #DIV/0! | H16: =IF(表格1_6[[#This Row],[不包含獎懲總分]]>=90,"A", IF(表格1_6[[#This Row],[不包含獎懲總分]]>=80,"B", IF(表格1_6[[#This Row],[不包含獎懲總分]]>=70,"C", IF(表格1_6[[#This Row],[不包含獎懲總分]]>=60,"D","E")))) -> #DIV/0! | I16: =_xlfn.RANK.EQ(G16,$G$2:$G$146,0) -> #DIV/0! | J16: =IF( AND(M16<>"",N16<>"",O16<>""), M16*20% + N16*50% + O16*30%, IF( AND(M16<>"",N16="",O16=""), M16, IF( AND(M16="",N16<>"",O16=""), N16, IF( AND(M16="",N16="",O16<>""), O16, IF( AND(M16<>"",N16<>"",O16=""), M16/(20%+50%)*20% + N16/(20%+50%)*50%, IF( AND(M16<>"",N16="",O16<>""), M16/(20%+30%)*20% + O16/(20%+30%)*30%, IF( AND(M16="",N16<>"",O16<>""), N16/(50%+30%)*50% + O16/(50%+30%)*30%, "" ) ) ) ) ) ) + V16 ) -> #DIV/0! | K16: =IF(J16>=90,"A", IF(J16>=80,"B", IF(J16>=70,"C", IF(J16>=60,"D","E")))) -> #DIV/0! | L16: =_xlfn.RANK.EQ(J16,$J$2:$J$146,0) -> #DIV/0! | M16: =表格1_3[[#This Row],[部內平均]] -> #DIV/0! | O16: =表格1_3[[#This Row],[複評平均]] -> #DIV/0! | W16: 81.4 | X16: 14
... A19: 移工 | B19: 2844 | C19: 阿凱 | D19: 塗裝組 | E19: 技術員 | F19: 郭惠燕 | G19: =表格1_6[[#This Row],[加權後總分]]-表格1_6[[#This Row],[獎懲分數]] -> #DIV/0! | H19: =IF(表格1_6[[#This Row],[不包含獎懲總分]]>=90,"A", IF(表格1_6[[#This Row],[不包含獎懲總分]]>=80,"B", IF(表格1_6[[#This Row],[不包含獎懲總分]]>=70,"C", IF(表格1_6[[#This Row],[不包含獎懲總分]]>=60,"D","E")))) -> #DIV/0! | I19: =_xlfn.RANK.EQ(G19,$G$2:$G$146,0) -> #DIV/0! | J19: =IF( AND(M19<>"",N19<>"",O19<>""), M19*20% + N19*50% + O19*30%, IF( AND(M19<>"",N19="",O19=""), M19, IF( AND(M19="",N19<>"",O19=""), N19, IF( AND(M19="",N19="",O19<>""), O19, IF( AND(M19<>"",N19<>"",O19=""), M19/(20%+50%)*20% + N19/(20%+50%)*50%, IF( AND(M19<>"",N19="",O19<>""), M19/(20%+30%)*20% + O19/(20%+30%)*30%, IF( AND(M19="",N19<>"",O19<>""), N19/(50%+30%)*50% + O19/(50%+30%)*30%, "" ) ) ) ) ) ) + V19 ) -> #DIV/0! | K19: =IF(J19>=90,"A", IF(J19>=80,"B", IF(J19>=70,"C", IF(J19>=60,"D","E")))) -> #DIV/0! | L19: =_xlfn.RANK.EQ(J19,$J$2:$J$146,0) -> #DIV/0! | M19: =表格1_3[[#This Row],[部內平均]] -> #DIV/0! | O19: =表格1_3[[#This Row],[複評平均]] -> #DIV/0! | W19: 80.693878 | X19: 17
A20: ✓ | B20: 1713 | C20: 周安琪 | D20: 塗裝組 | E20: 班長 | F20: 郭惠燕 | G20: =表格1_6[[#This Row],[加權後總分]]-表格1_6[[#This Row],[獎懲分數]] -> #DIV/0! | H20: =IF(表格1_6[[#This Row],[不包含獎懲總分]]>=90,"A", IF(表格1_6[[#This Row],[不包含獎懲總分]]>=80,"B", IF(表格1_6[[#This Row],[不包含獎懲總分]]>=70,"C", IF(表格1_6[[#This Row],[不包含獎懲總分]]>=60,"D","E")))) -> #DIV/0! | I20: =_xlfn.RANK.EQ(G20,$G$2:$G$146,0) -> #DIV/0! | J20: =IF( AND(M20<>"",N20<>"",O20<>""), M20*20% + N20*50% + O20*30%, IF( AND(M20<>"",N20="",O20=""), M20, IF( AND(M20="",N20<>"",O20=""), N20, IF( AND(M20="",N20="",O20<>""), O20, IF( AND(M20<>"",N20<>"",O20=""), M20/(20%+50%)*20% + N20/(20%+50%)*50%, IF( AND(M20<>"",N20="",O20<>""), M20/(20%+30%)*20% + O20/(20%+30%)*30%, IF( AND(M20="",N20<>"",O20<>""), N20/(50%+30%)*50% + O20/(50%+30%)*30%, "" ) ) ) ) ) ) + V20 ) -> #DIV/0! | K20: =IF(J20>=90,"A", IF(J20>=80,"B", IF(J20>=70,"C", IF(J20>=60,"D","E")))) -> #DIV/0! | L20: =_xlfn.RANK.EQ(J20,$J$2:$J$146,0) -> #DIV/0! | M20: =表格1_3[[#This Row],[部內平均]] -> #DIV/0! | N20: =表格1_3[[#This Row],[共評平均]] -> #DIV/0! | O20: =表格1_3[[#This Row],[複評平均]] -> #DIV/0! | W20: 80.6 | X20: 18
A21: 外配 | B21: 2546 | C21: 黃氏金莉 | D21: 塗裝組 | E21: 技術員 | F21: 郭惠燕 | G21: =表格1_6[[#This Row],[加權後總分]]-表格1_6[[#This Row],[獎懲分數]] -> #DIV/0! | H21: =IF(表格1_6[[#This Row],[不包含獎懲總分]]>=90,"A", IF(表格1_6[[#This Row],[不包含獎懲總分]]>=80,"B", IF(表格1_6[[#This Row],[不包含獎懲總分]]>=70,"C", IF(表格1_6[[#This Row],[不包含獎懲總分]]>=60,"D","E")))) -> #DIV/0! | I21: =_xlfn.RANK.EQ(G21,$G$2:$G$146,0) -> #DIV/0! | J21: =IF( AND(M21<>"",N21<>"",O21<>""), M21*20% + N21*50% + O21*30%, IF( AND(M21<>"",N21="",O21=""), M21, IF( AND(M21="",N21<>"",O21=""), N21, IF( AND(M21="",N21="",O21<>""), O21, IF( AND(M21<>"",N21<>"",O21=""), M21/(20%+50%)*20% + N21/(20%+50%)*50%, IF( AND(M21<>"",N21="",O21<>""), M21/(20%+30%)*20% + O21/(20%+30%)*30%, IF( AND(M21="",N21<>"",O21<>""), N21/(50%+30%)*50% + O21/(50%+30%)*30%, "" ) ) ) ) ) ) + V21 ) -> #DIV/0! | K21: =IF(J21>=90,"A", IF(J21>=80,"B", IF(J21>=70,"C", IF(J21>=60,"D","E")))) -> #DIV/0! | L21: =_xlfn.RANK.EQ(J21,$J$2:$J$146,0) -> #DIV/0! | M21: =表格1_3[[#This Row],[部內平均]] -> #DIV/0! | O21: =表格1_3[[#This Row],[複評平均]] -> #DIV/0! | W21: 80.5 | X21: 19
A22: 移工 | B22: 2589 | C22: 威耐 | D22: 塗裝組 | E22: 班長 | F22: 郭惠燕 | G22: =表格1_6[[#This Row],[加權後總分]]-表格1_6[[#This Row],[獎懲分數]] -> #DIV/0! | H22: =IF(表格1_6[[#This Row],[不包含獎懲總分]]>=90,"A", IF(表格1_6[[#This Row],[不包含獎懲總分]]>=80,"B", IF(表格1_6[[#This Row],[不包含獎懲總分]]>=70,"C", IF(表格1_6[[#This Row],[不包含獎懲總分]]>=60,"D","E")))) -> #DIV/0! | I22: =_xlfn.RANK.EQ(G22,$G$2:$G$146,0) -> #DIV/0! | J22: =IF( AND(M22<>"",N22<>"",O22<>""), M22*20% + N22*50% + O22*30%, IF( AND(M22<>"",N22="",O22=""), M22, IF( AND(M22="",N22<>"",O22=""), N22, IF( AND(M22="",N22="",O22<>""), O22, IF( AND(M22<>"",N22<>"",O22=""), M22/(20%+50%)*20% + N22/(20%+50%)*50%, IF( AND(M22<>"",N22="",O22<>""), M22/(20%+30%)*20% + O22/(20%+30%)*30%, IF( AND(M22="",N22<>"",O22<>""), N22/(50%+30%)*50% + O22/(50%+30%)*30%, "" ) ) ) ) ) ) + V22 ) -> #DIV/0! | K22: =IF(J22>=90,"A", IF(J22>=80,"B", IF(J22>=70,"C", IF(J22>=60,"D","E")))) -> #DIV/0! | L22: =_xlfn.RANK.EQ(J22,$J$2:$J$146,0) -> #DIV/0! | M22: =表格1_3[[#This Row],[部內平均]] -> #DIV/0! | N22: =表格1_3[[#This Row],[共評平均]] -> #DIV/0! | O22: =表格1_3[[#This Row],[複評平均]] -> #DIV/0! | W22: 79.938776 | X22: 20
A23: ✓ | B23: 1101 | C23: 郭惠燕 | D23: 塗裝組 | E23: 組長 | F23: 周清家 | G23: =表格1_6[[#This Row],[加權後總分]]-表格1_6[[#This Row],[獎懲分數]] -> #DIV/0! | H23: =IF(表格1_6[[#This Row],[不包含獎懲總分]]>=90,"A", IF(表格1_6[[#This Row],[不包含獎懲總分]]>=80,"B", IF(表格1_6[[#This Row],[不包含獎懲總分]]>=70,"C", IF(表格1_6[[#This Row],[不包含獎懲總分]]>=60,"D","E")))) -> #DIV/0! | I23: =_xlfn.RANK.EQ(G23,$G$2:$G$146,0) -> #DIV/0! | J23: =IF( AND(M23<>"",N23<>"",O23<>""), M23*20% + N23*50% + O23*30%, IF( AND(M23<>"",N23="",O23=""), M23, IF( AND(M23="",N23<>"",O23=""), N23, IF( AND(M23="",N23="",O23<>""), O23, IF( AND(M23<>"",N23<>"",O23=""), M23/(20%+50%)*20% + N23/(20%+50%)*50%, IF( AND(M23<>"",N23="",O23<>""), M23/(20%+30%)*20% + O23/(20%+30%)*30%, IF( AND(M23="",N23<>"",O23<>""), N23/(50%+30%)*50% + O23/(50%+30%)*30%, "" ) ) ) ) ) ) + V23 ) -> #DIV/0! | K23: =IF(J23>=90,"A", IF(J23>=80,"B", IF(J23>=70,"C", IF(J23>=60,"D","E")))) -> #DIV/0! | L23: =_xlfn.RANK.EQ(J23,$J$2:$J$146,0) -> #DIV/0! | M23: =表格1_3[[#This Row],[部內平均]] -> #DIV/0! | N23: =表格1_3[[#This Row],[共評平均]] -> #DIV/0! | O23: =表格1_3[[#This Row],[複評平均]] -> #DIV/0! | P23: 1 | V23: 3 | W23: 79.416667 | X23: 21
A24: 現場 | B24: 2056 | C24: 陳世傑 | D24: 塗裝組 | E24: 技術員 | F24: 郭惠燕 | G24: =表格1_6[[#This Row],[加權後總分]]-表格1_6[[#This Row],[獎懲分數]] -> #DIV/0! | H24: =IF(表格1_6[[#This Row],[不包含獎懲總分]]>=90,"A", IF(表格1_6[[#This Row],[不包含獎懲總分]]>=80,"B", IF(表格1_6[[#This Row],[不包含獎懲總分]]>=70,"C", IF(表格1_6[[#This Row],[不包含獎懲總分]]>=60,"D","E")))) -> #DIV/0! | I24: =_xlfn.RANK.EQ(G24,$G$2:$G$146,0) -> #DIV/0! | J24: =IF( AND(M24<>"",N24<>"",O24<>""), M24*20% + N24*50% + O24*30%, IF( AND(M24<>"",N24="",O24=""), M24, IF( AND(M24="",N24<>"",O24=""), N24, IF( AND(M24="",N24="",O24<>""), O24, IF( AND(M24<>"",N24<>"",O24=""), M24/(20%+50%)*20% + N24/(20%+50%)*50%, IF( AND(M24<>"",N24="",O24<>""), M24/(20%+30%)*20% + O24/(20%+30%)*30%, IF( AND(M24="",N24<>"",O24<>""), N24/(50%+30%)*50% + O24/(50%+30%)*30%, "" ) ) ) ) ) ) + V24 ) -> #DIV/0! | K24: =IF(J24>=90,"A", IF(J24>=80,"B", IF(J24>=70,"C", IF(J24>=60,"D","E")))) -> #DIV/0! | L24: =_xlfn.RANK.EQ(J24,$J$2:$J$146,0) -> #DIV/0! | M24: =表格1_3[[#This Row],[部內平均]] -> #DIV/0! | O24: =表格1_3[[#This Row],[複評平均]] -> #DIV/0! | W24: 79.285714 | X24: 22
A25: 外配 | B25: 2258 | C25: 連維敏 | D25: 組一組 | E25: 技術員 | F25: 陳佳安 | G25: =表格1_6[[#This Row],[加權後總分]]-表格1_6[[#This Row],[獎懲分數]] -> #DIV/0! | H25: =IF(表格1_6[[#This Row],[不包含獎懲總分]]>=90,"A", IF(表格1_6[[#This Row],[不包含獎懲總分]]>=80,"B", IF(表格1_6[[#This Row],[不包含獎懲總分]]>=70,"C", IF(表格1_6[[#This Row],[不包含獎懲總分]]>=60,"D","E")))) -> #DIV/0! | I25: =_xlfn.RANK.EQ(G25,$G$2:$G$146,0) -> #DIV/0! | J25: =IF( AND(M25<>"",N25<>"",O25<>""), M25*20% + N25*50% + O25*30%, IF( AND(M25<>"",N25="",O25=""), M25, IF( AND(M25="",N25<>"",O25=""), N25, IF( AND(M25="",N25="",O25<>""), O25, IF( AND(M25<>"",N25<>"",O25=""), M25/(20%+50%)*20% + N25/(20%+50%)*50%, IF( AND(M25<>"",N25="",O25<>""), M25/(20%+30%)*20% + O25/(20%+30%)*30%, IF( AND(M25="",N25<>"",O25<>""), N25/(50%+30%)*50% + O25/(50%+30%)*30%, "" ) ) ) ) ) ) + V25 ) -> #DIV/0! | K25: =IF(J25>=90,"A", IF(J25>=80,"B", IF(J25>=70,"C", IF(J25>=60,"D","E")))) -> #DIV/0! | L25: =_xlfn.RANK.EQ(J25,$J$2:$J$146,0) -> #DIV/0! | M25: =表格1_3[[#This Row],[部內平均]] -> #DIV/0! | O25: =表格1_3[[#This Row],[複評平均]] -> #DIV/0! | W25: 79.109091 | X25: 23
A26: 現場 | B26: 1799 | C26: 朱淑君 | D26: 組一組 | E26: 技術員 | F26: 陳怡珊 | G26: =表格1_6[[#This Row],[加權後總分]]-表格1_6[[#This Row],[獎懲分數]] -> #DIV/0! | H26: =IF(表格1_6[[#This Row],[不包含獎懲總分]]>=90,"A", IF(表格1_6[[#This Row],[不包含獎懲總分]]>=80,"B", IF(表格1_6[[#This Row],[不包含獎懲總分]]>=70,"C", IF(表格1_6[[#This Row],[不包含獎懲總分]]>=60,"D","E")))) -> #DIV/0! | I26: =_xlfn.RANK.EQ(G26,$G$2:$G$146,0) -> #DIV/0! | J26: =IF( AND(M26<>"",N26<>"",O26<>""), M26*20% + N26*50% + O26*30%, IF( AND(M26<>"",N26="",O26=""), M26, IF( AND(M26="",N26<>"",O26=""), N26, IF( AND(M26="",N26="",O26<>""), O26, IF( AND(M26<>"",N26<>"",O26=""), M26/(20%+50%)*20% + N26/(20%+50%)*50%, IF( AND(M26<>"",N26="",O26<>""), M26/(20%+30%)*20% + O26/(20%+30%)*30%, IF( AND(M26="",N26<>"",O26<>""), N26/(50%+30%)*50% + O26/(50%+30%)*30%, "" ) ) ) ) ) ) + V26 ) -> #DIV/0! | K26: =IF(J26>=90,"A", IF(J26>=80,"B", IF(J26>=70,"C", IF(J26>=60,"D","E")))) -> #DIV/0! | L26: =_xlfn.RANK.EQ(J26,$J$2:$J$146,0) -> #DIV/0! | M26: =表格1_3[[#This Row],[部內平均]] -> #DIV/0! | O26: =表格1_3[[#This Row],[複評平均]] -> #DIV/0! | W26: 79 | X26: 24
A27: 現場 | B27: 2565 | C27: 呂雅秀 | D27: 組一組 | E27: 技術員 | F27: 陳佳安 | G27: =表格1_6[[#This Row],[加權後總分]]-表格1_6[[#This Row],[獎懲分數]] -> #DIV/0! | H27: =IF(表格1_6[[#This Row],[不包含獎懲總分]]>=90,"A", IF(表格1_6[[#This Row],[不包含獎懲總分]]>=80,"B", IF(表格1_6[[#This Row],[不包含獎懲總分]]>=70,"C", IF(表格1_6[[#This Row],[不包含獎懲總分]]>=60,"D","E")))) -> #DIV/0! | I27: =_xlfn.RANK.EQ(G27,$G$2:$G$146,0) -> #DIV/0! | J27: =IF( AND(M27<>"",N27<>"",O27<>""), M27*20% + N27*50% + O27*30%, IF( AND(M27<>"",N27="",O27=""), M27, IF( AND(M27="",N27<>"",O27=""), N27, IF( AND(M27="",N27="",O27<>""), O27, IF( AND(M27<>"",N27<>"",O27=""), M27/(20%+50%)*20% + N27/(20%+50%)*50%, IF( AND(M27<>"",N27="",O27<>""), M27/(20%+30%)*20% + O27/(20%+30%)*30%, IF( AND(M27="",N27<>"",O27<>""), N27/(50%+30%)*50% + O27/(50%+30%)*30%, "" ) ) ) ) ) ) + V27 ) -> #DIV/0! | K27: =IF(J27>=90,"A", IF(J27>=80,"B", IF(J27>=70,"C", IF(J27>=60,"D","E")))) -> #DIV/0! | L27: =_xlfn.RANK.EQ(J27,$J$2:$J$146,0) -> #DIV/0! | M27: =表格1_3[[#This Row],[部內平均]] -> #DIV/0! | O27: =表格1_3[[#This Row],[複評平均]] -> #DIV/0! | W27: 78.957143 | X27: 25
A28: 移工 | B28: 2418 | C28: 松甲 | D28: 組一組 | E28: 技術員 | F28: 陳佳安 | G28: =表格1_6[[#This Row],[加權後總分]]-表格1_6[[#This Row],[獎懲分數]] -> #DIV/0! | H28: =IF(表格1_6[[#This Row],[不包含獎懲總分]]>=90,"A", IF(表格1_6[[#This Row],[不包含獎懲總分]]>=80,"B", IF(表格1_6[[#This Row],[不包含獎懲總分]]>=70,"C", IF(表格1_6[[#This Row],[不包含獎懲總分]]>=60,"D","E")))) -> #DIV/0! | I28: =_xlfn.RANK.EQ(G28,$G$2:$G$146,0) -> #DIV/0! | J28: =IF( AND(M28<>"",N28<>"",O28<>""), M28*20% + N28*50% + O28*30%, IF( AND(M28<>"",N28="",O28=""), M28, IF( AND(M28="",N28<>"",O28=""), N28, IF( AND(M28="",N28="",O28<>""), O28, IF( AND(M28<>"",N28<>"",O28=""), M28/(20%+50%)*20% + N28/(20%+50%)*50%, IF( AND(M28<>"",N28="",O28<>""), M28/(20%+30%)*20% + O28/(20%+30%)*30%, IF( AND(M28="",N28<>"",O28<>""), N28/(50%+30%)*50% + O28/(50%+30%)*30%, "" ) ) ) ) ) ) + V28 ) -> #DIV/0! | K28: =IF(J28>=90,"A", IF(J28>=80,"B", IF(J28>=70,"C", IF(J28>=60,"D","E")))) -> #DIV/0! | L28: =_xlfn.RANK.EQ(J28,$J$2:$J$146,0) -> #DIV/0! | M28: =表格1_3[[#This Row],[部內平均]] -> #DIV/0! | O28: =表格1_3[[#This Row],[複評平均]] -> #DIV/0! | W28: 78.732143 | X28: 26
A29: 現場 | B29: 2226 | C29: 陳意琛 | D29: 組一組 | E29: 技術員 | F29: 陳佳安 | G29: =表格1_6[[#This Row],[加權後總分]]-表格1_6[[#This Row],[獎懲分數]] -> #DIV/0! | H29: =IF(表格1_6[[#This Row],[不包含獎懲總分]]>=90,"A", IF(表格1_6[[#This Row],[不包含獎懲總分]]>=80,"B", IF(表格1_6[[#This Row],[不包含獎懲總分]]>=70,"C", IF(表格1_6[[#This Row],[不包含獎懲總分]]>=60,"D","E")))) -> #DIV/0! | I29: =_xlfn.RANK.EQ(G29,$G$2:$G$146,0) -> #DIV/0! | J29: =IF( AND(M29<>"",N29<>"",O29<>""), M29*20% + N29*50% + O29*30%, IF( AND(M29<>"",N29="",O29=""), M29, IF( AND(M29="",N29<>"",O29=""), N29, IF( AND(M29="",N29="",O29<>""), O29, IF( AND(M29<>"",N29<>"",O29=""), M29/(20%+50%)*20% + N29/(20%+50%)*50%, IF( AND(M29<>"",N29="",O29<>""), M29/(20%+30%)*20% + O29/(20%+30%)*30%, IF( AND(M29="",N29<>"",O29<>""), N29/(50%+30%)*50% + O29/(50%+30%)*30%, "" ) ) ) ) ) ) + V29 ) -> #DIV/0! | K29: =IF(J29>=90,"A", IF(J29>=80,"B", IF(J29>=70,"C", IF(J29>=60,"D","E")))) -> #DIV/0! | L29: =_xlfn.RANK.EQ(J29,$J$2:$J$146,0) -> #DIV/0! | M29: =表格1_3[[#This Row],[部內平均]] -> #DIV/0! | O29: =表格1_3[[#This Row],[複評平均]] -> #DIV/0! | W29: 78.2 | X29: 27
A30: 移工 | B30: 2827 | C30: 蘇拉岡 | D30: 組一組 | E30: 技術員 | F30: 陳佳安 | G30: =表格1_6[[#This Row],[加權後總分]]-表格1_6[[#This Row],[獎懲分數]] -> #DIV/0! | H30: =IF(表格1_6[[#This Row],[不包含獎懲總分]]>=90,"A", IF(表格1_6[[#This Row],[不包含獎懲總分]]>=80,"B", IF(表格1_6[[#This Row],[不包含獎懲總分]]>=70,"C", IF(表格1_6[[#This Row],[不包含獎懲總分]]>=60,"D","E")))) -> #DIV/0! | I30: =_xlfn.RANK.EQ(G30,$G$2:$G$146,0) -> #DIV/0! | J30: =IF( AND(M30<>"",N30<>"",O30<>""), M30*20% + N30*50% + O30*30%, IF( AND(M30<>"",N30="",O30=""), M30, IF( AND(M30="",N30<>"",O30=""), N30, IF( AND(M30="",N30="",O30<>""), O30, IF( AND(M30<>"",N30<>"",O30=""), M30/(20%+50%)*20% + N30/(20%+50%)*50%, IF( AND(M30<>"",N30="",O30<>""), M30/(20%+30%)*20% + O30/(20%+30%)*30%, IF( AND(M30="",N30<>"",O30<>""), N30/(50%+30%)*50% + O30/(50%+30%)*30%, "" ) ) ) ) ) ) + V30 ) -> #DIV/0! | K30: =IF(J30>=90,"A", IF(J30>=80,"B", IF(J30>=70,"C", IF(J30>=60,"D","E")))) -> #DIV/0! | L30: =_xlfn.RANK.EQ(J30,$J$2:$J$146,0) -> #DIV/0! | M30: =表格1_3[[#This Row],[部內平均]] -> #DIV/0! | O30: =表格1_3[[#This Row],[複評平均]] -> #DIV/0! | W30: 77.8 | X30: 28
A31: 現場 | B31: 2724 | C31: 周柏杰 | D31: 組一組 | E31: 技術員 | F31: 陳佳安 | G31: =表格1_6[[#This Row],[加權後總分]]-表格1_6[[#This Row],[獎懲分數]] -> #DIV/0! | H31: =IF(表格1_6[[#This Row],[不包含獎懲總分]]>=90,"A", IF(表格1_6[[#This Row],[不包含獎懲總分]]>=80,"B", IF(表格1_6[[#This Row],[不包含獎懲總分]]>=70,"C", IF(表格1_6[[#This Row],[不包含獎懲總分]]>=60,"D","E")))) -> #DIV/0! | I31: =_xlfn.RANK.EQ(G31,$G$2:$G$146,0) -> #DIV/0! | J31: =IF( AND(M31<>"",N31<>"",O31<>""), M31*20% + N31*50% + O31*30%, IF( AND(M31<>"",N31="",O31=""), M31, IF( AND(M31="",N31<>"",O31=""), N31, IF( AND(M31="",N31="",O31<>""), O31, IF( AND(M31<>"",N31<>"",O31=""), M31/(20%+50%)*20% + N31/(20%+50%)*50%, IF( AND(M31<>"",N31="",O31<>""), M31/(20%+30%)*20% + O31/(20%+30%)*30%, IF( AND(M31="",N31<>"",O31<>""), N31/(50%+30%)*50% + O31/(50%+30%)*30%, "" ) ) ) ) ) ) + V31 ) -> #DIV/0! | K31: =IF(J31>=90,"A", IF(J31>=80,"B", IF(J31>=70,"C", IF(J31>=60,"D","E")))) -> #DIV/0! | L31: =_xlfn.RANK.EQ(J31,$J$2:$J$146,0) -> #DIV/0! | M31: =表格1_3[[#This Row],[部內平均]] -> #DIV/0! | O31: =表格1_3[[#This Row],[複評平均]] -> #DIV/0! | W31: 77.6 | X31: 29
A32: 移工 | B32: 3004 | C32: 朗吾 | D32: 組一組 | E32: 技術員 | F32: 陳怡珊 | G32: =表格1_6[[#This Row],[加權後總分]]-表格1_6[[#This Row],[獎懲分數]] -> #DIV/0! | H32: =IF(表格1_6[[#This Row],[不包含獎懲總分]]>=90,"A", IF(表格1_6[[#This Row],[不包含獎懲總分]]>=80,"B", IF(表格1_6[[#This Row],[不包含獎懲總分]]>=70,"C", IF(表格1_6[[#This Row],[不包含獎懲總分]]>=60,"D","E")))) -> #DIV/0! | I32: =_xlfn.RANK.EQ(G32,$G$2:$G$146,0) -> #DIV/0! | J32: =IF( AND(M32<>"",N32<>"",O32<>""), M32*20% + N32*50% + O32*30%, IF( AND(M32<>"",N32="",O32=""), M32, IF( AND(M32="",N32<>"",O32=""), N32, IF( AND(M32="",N32="",O32<>""), O32, IF( AND(M32<>"",N32<>"",O32=""), M32/(20%+50%)*20% + N32/(20%+50%)*50%, IF( AND(M32<>"",N32="",O32<>""), M32/(20%+30%)*20% + O32/(20%+30%)*30%, IF( AND(M32="",N32<>"",O32<>""), N32/(50%+30%)*50% + O32/(50%+30%)*30%, "" ) ) ) ) ) ) + V32 ) -> #DIV/0! | K32: =IF(J32>=90,"A", IF(J32>=80,"B", IF(J32>=70,"C", IF(J32>=60,"D","E")))) -> #DIV/0! | L32: =_xlfn.RANK.EQ(J32,$J$2:$J$146,0) -> #DIV/0! | M32: =表格1_3[[#This Row],[部內平均]] -> #DIV/0! | O32: =表格1_3[[#This Row],[複評平均]] -> #DIV/0! | W32: 77.4 | X32: 30
A33: 移工 | B33: 2868 | C33: 克里達 | D33: 組一組 | E33: 技術員 | F33: 陳佳安 | G33: =表格1_6[[#This Row],[加權後總分]]-表格1_6[[#This Row],[獎懲分數]] -> #DIV/0! | H33: =IF(表格1_6[[#This Row],[不包含獎懲總分]]>=90,"A", IF(表格1_6[[#This Row],[不包含獎懲總分]]>=80,"B", IF(表格1_6[[#This Row],[不包含獎懲總分]]>=70,"C", IF(表格1_6[[#This Row],[不包含獎懲總分]]>=60,"D","E")))) -> #DIV/0! | I33: =_xlfn.RANK.EQ(G33,$G$2:$G$146,0) -> #DIV/0! | J33: =IF( AND(M33<>"",N33<>"",O33<>""), M33*20% + N33*50% + O33*30%, IF( AND(M33<>"",N33="",O33=""), M33, IF( AND(M33="",N33<>"",O33=""), N33, IF( AND(M33="",N33="",O33<>""), O33, IF( AND(M33<>"",N33<>"",O33=""), M33/(20%+50%)*20% + N33/(20%+50%)*50%, IF( AND(M33<>"",N33="",O33<>""), M33/(20%+30%)*20% + O33/(20%+30%)*30%, IF( AND(M33="",N33<>"",O33<>""), N33/(50%+30%)*50% + O33/(50%+30%)*30%, "" ) ) ) ) ) ) + V33 ) -> #DIV/0! | K33: =IF(J33>=90,"A", IF(J33>=80,"B", IF(J33>=70,"C", IF(J33>=60,"D","E")))) -> #DIV/0! | L33: =_xlfn.RANK.EQ(J33,$J$2:$J$146,0) -> #DIV/0! | M33: =表格1_3[[#This Row],[部內平均]] -> #DIV/0! | O33: =表格1_3[[#This Row],[複評平均]] -> #DIV/0! | W33: 77.3 | X33: 31
A34: 移工 | B34: 2930 | C34: 巴林亞 | D34: 組一組 | E34: 技術員 | F34: 陳怡珊 | G34: =表格1_6[[#This Row],[加權後總分]]-表格1_6[[#This Row],[獎懲分數]] -> #DIV/0! | H34: =IF(表格1_6[[#This Row],[不包含獎懲總分]]>=90,"A", IF(表格1_6[[#This Row],[不包含獎懲總分]]>=80,"B", IF(表格1_6[[#This Row],[不包含獎懲總分]]>=70,"C", IF(表格1_6[[#This Row],[不包含獎懲總分]]>=60,"D","E")))) -> #DIV/0! | I34: =_xlfn.RANK.EQ(G34,$G$2:$G$146,0) -> #DIV/0! | J34: =IF( AND(M34<>"",N34<>"",O34<>""), M34*20% + N34*50% + O34*30%, IF( AND(M34<>"",N34="",O34=""), M34, IF( AND(M34="",N34<>"",O34=""), N34, IF( AND(M34="",N34="",O34<>""), O34, IF( AND(M34<>"",N34<>"",O34=""), M34/(20%+50%)*20% + N34/(20%+50%)*50%, IF( AND(M34<>"",N34="",O34<>""), M34/(20%+30%)*20% + O34/(20%+30%)*30%, IF( AND(M34="",N34<>"",O34<>""), N34/(50%+30%)*50% + O34/(50%+30%)*30%, "" ) ) ) ) ) ) + V34 ) -> #DIV/0! | K34: =IF(J34>=90,"A", IF(J34>=80,"B", IF(J34>=70,"C", IF(J34>=60,"D","E")))) -> #DIV/0! | L34: =_xlfn.RANK.EQ(J34,$J$2:$J$146,0) -> #DIV/0! | M34: =表格1_3[[#This Row],[部內平均]] -> #DIV/0! | O34: =表格1_3[[#This Row],[複評平均]] -> #DIV/0! | W34: 77.125 | X34: 32
A35: 移工 | B35: 2919 | C35: 及可 | D35: 組一組 | E35: 技術員 | F35: 陳怡珊 | G35: =表格1_6[[#This Row],[加權後總分]]-表格1_6[[#This Row],[獎懲分數]] -> #DIV/0! | H35: =IF(表格1_6[[#This Row],[不包含獎懲總分]]>=90,"A", IF(表格1_6[[#This Row],[不包含獎懲總分]]>=80,"B", IF(表格1_6[[#This Row],[不包含獎懲總分]]>=70,"C", IF(表格1_6[[#This Row],[不包含獎懲總分]]>=60,"D","E")))) -> #DIV/0! | I35: =_xlfn.RANK.EQ(G35,$G$2:$G$146,0) -> #DIV/0! | J35: =IF( AND(M35<>"",N35<>"",O35<>""), M35*20% + N35*50% + O35*30%, IF( AND(M35<>"",N35="",O35=""), M35, IF( AND(M35="",N35<>"",O35=""), N35, IF( AND(M35="",N35="",O35<>""), O35, IF( AND(M35<>"",N35<>"",O35=""), M35/(20%+50%)*20% + N35/(20%+50%)*50%, IF( AND(M35<>"",N35="",O35<>""), M35/(20%+30%)*20% + O35/(20%+30%)*30%, IF( AND(M35="",N35<>"",O35<>""), N35/(50%+30%)*50% + O35/(50%+30%)*30%, "" ) ) ) ) ) ) + V35 ) -> #DIV/0! | K35: =IF(J35>=90,"A", IF(J35>=80,"B", IF(J35>=70,"C", IF(J35>=60,"D","E")))) -> #DIV/0! | L35: =_xlfn.RANK.EQ(J35,$J$2:$J$146,0) -> #DIV/0! | M35: =表格1_3[[#This Row],[部內平均]] -> #DIV/0! | O35: =表格1_3[[#This Row],[複評平均]] -> #DIV/0! | W35: 77.061224 | X35: 33
A36: 移工 | B36: 3029 | C36: 吉沙達 | D36: 組一組 | E36: 技術員 | F36: 陳怡珊 | G36: =表格1_6[[#This Row],[加權後總分]]-表格1_6[[#This Row],[獎懲分數]] -> #DIV/0! | H36: =IF(表格1_6[[#This Row],[不包含獎懲總分]]>=90,"A", IF(表格1_6[[#This Row],[不包含獎懲總分]]>=80,"B", IF(表格1_6[[#This Row],[不包含獎懲總分]]>=70,"C", IF(表格1_6[[#This Row],[不包含獎懲總分]]>=60,"D","E")))) -> #DIV/0! | I36: =_xlfn.RANK.EQ(G36,$G$2:$G$146,0) -> #DIV/0! | J36: =IF( AND(M36<>"",N36<>"",O36<>""), M36*20% + N36*50% + O36*30%, IF( AND(M36<>"",N36="",O36=""), M36, IF( AND(M36="",N36<>"",O36=""), N36, IF( AND(M36="",N36="",O36<>""), O36, IF( AND(M36<>"",N36<>"",O36=""), M36/(20%+50%)*20% + N36/(20%+50%)*50%, IF( AND(M36<>"",N36="",O36<>""), M36/(20%+30%)*20% + O36/(20%+30%)*30%, IF( AND(M36="",N36<>"",O36<>""), N36/(50%+30%)*50% + O36/(50%+30%)*30%, "" ) ) ) ) ) ) + V36 ) -> #DIV/0! | K36: =IF(J36>=90,"A", IF(J36>=80,"B", IF(J36>=70,"C", IF(J36>=60,"D","E")))) -> #DIV/0! | L36: =_xlfn.RANK.EQ(J36,$J$2:$J$146,0) -> #DIV/0! | M36: =表格1_3[[#This Row],[部內平均]] -> #DIV/0! | O36: =表格1_3[[#This Row],[複評平均]] -> #DIV/0! | W36: 77 | X36: 34
A37: ✓ | B37: 2216 | C37: 陳怡珊 | D37: 組一組 | E37: 副組長 | F37: 楊玉鳳 | G37: =表格1_6[[#This Row],[加權後總分]]-表格1_6[[#This Row],[獎懲分數]] -> #DIV/0! | H37: =IF(表格1_6[[#This Row],[不包含獎懲總分]]>=90,"A", IF(表格1_6[[#This Row],[不包含獎懲總分]]>=80,"B", IF(表格1_6[[#This Row],[不包含獎懲總分]]>=70,"C", IF(表格1_6[[#This Row],[不包含獎懲總分]]>=60,"D","E")))) -> #DIV/0! | I37: =_xlfn.RANK.EQ(G37,$G$2:$G$146,0) -> #DIV/0! | J37: =IF( AND(M37<>"",N37<>"",O37<>""), M37*20% + N37*50% + O37*30%, IF( AND(M37<>"",N37="",O37=""), M37, IF( AND(M37="",N37<>"",O37=""), N37, IF( AND(M37="",N37="",O37<>""), O37, IF( AND(M37<>"",N37<>"",O37=""), M37/(20%+50%)*20% + N37/(20%+50%)*50%, IF( AND(M37<>"",N37="",O37<>""), M37/(20%+30%)*20% + O37/(20%+30%)*30%, IF( AND(M37="",N37<>"",O37<>""), N37/(50%+30%)*50% + O37/(50%+30%)*30%, "" ) ) ) ) ) ) + V37 ) -> #DIV/0! | K37: =IF(J37>=90,"A", IF(J37>=80,"B", IF(J37>=70,"C", IF(J37>=60,"D","E")))) -> #DIV/0! | L37: =_xlfn.RANK.EQ(J37,$J$2:$J$146,0) -> #DIV/0! | M37: =表格1_3[[#This Row],[部內平均]] -> #DIV/0! | N37: =表格1_3[[#This Row],[共評平均]] -> #DIV/0! | W37: 77 | X37: 35
A38: 現場 | B38: 1547 | C38: 鄭萍 | D38: 沖床組 | E38: 技術員 | F38: 覃麗嬋 | G38: =表格1_6[[#This Row],[加權後總分]]-表格1_6[[#This Row],[獎懲分數]] -> #DIV/0! | H38: =IF(表格1_6[[#This Row],[不包含獎懲總分]]>=90,"A", IF(表格1_6[[#This Row],[不包含獎懲總分]]>=80,"B", IF(表格1_6[[#This Row],[不包含獎懲總分]]>=70,"C", IF(表格1_6[[#This Row],[不包含獎懲總分]]>=60,"D","E")))) -> #DIV/0! | I38: =_xlfn.RANK.EQ(G38,$G$2:$G$146,0) -> #DIV/0! | J38: =IF( AND(M38<>"",N38<>"",O38<>""), M38*20% + N38*50% + O38*30%, IF( AND(M38<>"",N38="",O38=""), M38, IF( AND(M38="",N38<>"",O38=""), N38, IF( AND(M38="",N38="",O38<>""), O38, IF( AND(M38<>"",N38<>"",O38=""), M38/(20%+50%)*20% + N38/(20%+50%)*50%, IF( AND(M38<>"",N38="",O38<>""), M38/(20%+30%)*20% + O38/(20%+30%)*30%, IF( AND(M38="",N38<>"",O38<>""), N38/(50%+30%)*50% + O38/(50%+30%)*30%, "" ) ) ) ) ) ) + V38 ) -> #DIV/0! | K38: =IF(J38>=90,"A", IF(J38>=80,"B", IF(J38>=70,"C", IF(J38>=60,"D","E")))) -> #DIV/0! | L38: =_xlfn.RANK.EQ(J38,$J$2:$J$146,0) -> #DIV/0! | M38: =表格1_3[[#This Row],[部內平均]] -> #DIV/0! | O38: =表格1_3[[#This Row],[複評平均]] -> #DIV/0! | W38: 76.959184 | X38: 36
A39: ✓ | B39: 2097 | C39: 覃麗嬋 | D39: 沖床組 | E39: 副組長 | F39: 周清家 | G39: =表格1_6[[#This Row],[加權後總分]]-表格1_6[[#This Row],[獎懲分數]] -> #DIV/0! | H39: =IF(表格1_6[[#This Row],[不包含獎懲總分]]>=90,"A", IF(表格1_6[[#This Row],[不包含獎懲總分]]>=80,"B", IF(表格1_6[[#This Row],[不包含獎懲總分]]>=70,"C", IF(表格1_6[[#This Row],[不包含獎懲總分]]>=60,"D","E")))) -> #DIV/0! | I39: =_xlfn.RANK.EQ(G39,$G$2:$G$146,0) -> #DIV/0! | J39: =IF( AND(M39<>"",N39<>"",O39<>""), M39*20% + N39*50% + O39*30%, IF( AND(M39<>"",N39="",O39=""), M39, IF( AND(M39="",N39<>"",O39=""), N39, IF( AND(M39="",N39="",O39<>""), O39, IF( AND(M39<>"",N39<>"",O39=""), M39/(20%+50%)*20% + N39/(20%+50%)*50%, IF( AND(M39<>"",N39="",O39<>""), M39/(20%+30%)*20% + O39/(20%+30%)*30%, IF( AND(M39="",N39<>"",O39<>""), N39/(50%+30%)*50% + O39/(50%+30%)*30%, "" ) ) ) ) ) ) + V39 ) -> #DIV/0! | K39: =IF(J39>=90,"A", IF(J39>=80,"B", IF(J39>=70,"C", IF(J39>=60,"D","E")))) -> #DIV/0! | L39: =_xlfn.RANK.EQ(J39,$J$2:$J$146,0) -> #DIV/0! | M39: =表格1_3[[#This Row],[部內平均]] -> #DIV/0! | N39: =表格1_3[[#This Row],[共評平均]] -> #DIV/0! | W39: 76.816667 | X39: 37
A40: ✓ | B40: 2321 | C40: 李昱鋐 | D40: 沖床組 | E40: 班長 | F40: 覃麗嬋 | G40: =表格1_6[[#This Row],[加權後總分]]-表格1_6[[#This Row],[獎懲分數]] -> #DIV/0! | H40: =IF(表格1_6[[#This Row],[不包含獎懲總分]]>=90,"A", IF(表格1_6[[#This Row],[不包含獎懲總分]]>=80,"B", IF(表格1_6[[#This Row],[不包含獎懲總分]]>=70,"C", IF(表格1_6[[#This Row],[不包含獎懲總分]]>=60,"D","E")))) -> #DIV/0! | I40: =_xlfn.RANK.EQ(G40,$G$2:$G$146,0) -> #DIV/0! | J40: =IF( AND(M40<>"",N40<>"",O40<>""), M40*20% + N40*50% + O40*30%, IF( AND(M40<>"",N40="",O40=""), M40, IF( AND(M40="",N40<>"",O40=""), N40, IF( AND(M40="",N40="",O40<>""), O40, IF( AND(M40<>"",N40<>"",O40=""), M40/(20%+50%)*20% + N40/(20%+50%)*50%, IF( AND(M40<>"",N40="",O40<>""), M40/(20%+30%)*20% + O40/(20%+30%)*30%, IF( AND(M40="",N40<>"",O40<>""), N40/(50%+30%)*50% + O40/(50%+30%)*30%, "" ) ) ) ) ) ) + V40 ) -> #DIV/0! | K40: =IF(J40>=90,"A", IF(J40>=80,"B", IF(J40>=70,"C", IF(J40>=60,"D","E")))) -> #DIV/0! | L40: =_xlfn.RANK.EQ(J40,$J$2:$J$146,0) -> #DIV/0! | M40: =表格1_3[[#This Row],[部內平均]] -> #DIV/0! | N40: =表格1_3[[#This Row],[共評平均]] -> #DIV/0! | O40: =表格1_3[[#This Row],[複評平均]] -> #DIV/0! | W40: 76.8 | X40: 38
A41: 現場 | B41: 2964 | C41: 蘇英輝 | D41: 沖床組 | E41: 技術員 | F41: 白惇維 | G41: =表格1_6[[#This Row],[加權後總分]]-表格1_6[[#This Row],[獎懲分數]] -> #DIV/0! | H41: =IF(表格1_6[[#This Row],[不包含獎懲總分]]>=90,"A", IF(表格1_6[[#This Row],[不包含獎懲總分]]>=80,"B", IF(表格1_6[[#This Row],[不包含獎懲總分]]>=70,"C", IF(表格1_6[[#This Row],[不包含獎懲總分]]>=60,"D","E")))) -> #DIV/0! | I41: =_xlfn.RANK.EQ(G41,$G$2:$G$146,0) -> #DIV/0! | J41: =IF( AND(M41<>"",N41<>"",O41<>""), M41*20% + N41*50% + O41*30%, IF( AND(M41<>"",N41="",O41=""), M41, IF( AND(M41="",N41<>"",O41=""), N41, IF( AND(M41="",N41="",O41<>""), O41, IF( AND(M41<>"",N41<>"",O41=""), M41/(20%+50%)*20% + N41/(20%+50%)*50%, IF( AND(M41<>"",N41="",O41<>""), M41/(20%+30%)*20% + O41/(20%+30%)*30%, IF( AND(M41="",N41<>"",O41<>""), N41/(50%+30%)*50% + O41/(50%+30%)*30%, "" ) ) ) ) ) ) + V41 ) -> #DIV/0! | K41: =IF(J41>=90,"A", IF(J41>=80,"B", IF(J41>=70,"C", IF(J41>=60,"D","E")))) -> #DIV/0! | L41: =_xlfn.RANK.EQ(J41,$J$2:$J$146,0) -> #DIV/0! | M41: =表格1_3[[#This Row],[部內平均]] -> #DIV/0! | O41: =表格1_3[[#This Row],[複評平均]] -> #DIV/0! | W41: 76.8 | X41: 39
A42: 移工 | B42: 2835 | C42: 阿塘 | D42: 沖床組 | E42: 技術員 | F42: 覃麗嬋 | G42: =表格1_6[[#This Row],[加權後總分]]-表格1_6[[#This Row],[獎懲分數]] -> #DIV/0! | H42: =IF(表格1_6[[#This Row],[不包含獎懲總分]]>=90,"A", IF(表格1_6[[#This Row],[不包含獎懲總分]]>=80,"B", IF(表格1_6[[#This Row],[不包含獎懲總分]]>=70,"C", IF(表格1_6[[#This Row],[不包含獎懲總分]]>=60,"D","E")))) -> #DIV/0! | I42: =_xlfn.RANK.EQ(G42,$G$2:$G$146,0) -> #DIV/0! | J42: =IF( AND(M42<>"",N42<>"",O42<>""), M42*20% + N42*50% + O42*30%, IF( AND(M42<>"",N42="",O42=""), M42, IF( AND(M42="",N42<>"",O42=""), N42, IF( AND(M42="",N42="",O42<>""), O42, IF( AND(M42<>"",N42<>"",O42=""), M42/(20%+50%)*20% + N42/(20%+50%)*50%, IF( AND(M42<>"",N42="",O42<>""), M42/(20%+30%)*20% + O42/(20%+30%)*30%, IF( AND(M42="",N42<>"",O42<>""), N42/(50%+30%)*50% + O42/(50%+30%)*30%, "" ) ) ) ) ) ) + V42 ) -> #DIV/0! | K42: =IF(J42>=90,"A", IF(J42>=80,"B", IF(J42>=70,"C", IF(J42>=60,"D","E")))) -> #DIV/0! | L42: =_xlfn.RANK.EQ(J42,$J$2:$J$146,0) -> #DIV/0! | M42: =表格1_3[[#This Row],[部內平均]] -> #DIV/0! | O42: =表格1_3[[#This Row],[複評平均]] -> #DIV/0! | W42: 76.4 | X42: 40
A43: 現場 | B43: 2404 | C43: 陳奕廷 | D43: 沖床組 | E43: 技術員 | F43: 覃麗嬋 | G43: =表格1_6[[#This Row],[加權後總分]]-表格1_6[[#This Row],[獎懲分數]] -> #DIV/0! | H43: =IF(表格1_6[[#This Row],[不包含獎懲總分]]>=90,"A", IF(表格1_6[[#This Row],[不包含獎懲總分]]>=80,"B", IF(表格1_6[[#This Row],[不包含獎懲總分]]>=70,"C", IF(表格1_6[[#This Row],[不包含獎懲總分]]>=60,"D","E")))) -> #DIV/0! | I43: =_xlfn.RANK.EQ(G43,$G$2:$G$146,0) -> #DIV/0! | J43: =IF( AND(M43<>"",N43<>"",O43<>""), M43*20% + N43*50% + O43*30%, IF( AND(M43<>"",N43="",O43=""), M43, IF( AND(M43="",N43<>"",O43=""), N43, IF( AND(M43="",N43="",O43<>""), O43, IF( AND(M43<>"",N43<>"",O43=""), M43/(20%+50%)*20% + N43/(20%+50%)*50%, IF( AND(M43<>"",N43="",O43<>""), M43/(20%+30%)*20% + O43/(20%+30%)*30%, IF( AND(M43="",N43<>"",O43<>""), N43/(50%+30%)*50% + O43/(50%+30%)*30%, "" ) ) ) ) ) ) + V43 ) -> #DIV/0! | K43: =IF(J43>=90,"A", IF(J43>=80,"B", IF(J43>=70,"C", IF(J43>=60,"D","E")))) -> #DIV/0! | L43: =_xlfn.RANK.EQ(J43,$J$2:$J$146,0) -> #DIV/0! | M43: =表格1_3[[#This Row],[部內平均]] -> #DIV/0! | O43: =表格1_3[[#This Row],[複評平均]] -> #DIV/0! | W43: 76.4 | X43: 41
A44: ✓✓ | B44: 3009 | C44: 王美婷 | D44: 財務部 | E44: 會計人員 | F44: 陳佳倫 | G44: =表格1_6[[#This Row],[加權後總分]]-表格1_6[[#This Row],[獎懲分數]] -> #DIV/0! | H44: =IF(表格1_6[[#This Row],[不包含獎懲總分]]>=90,"A", IF(表格1_6[[#This Row],[不包含獎懲總分]]>=80,"B", IF(表格1_6[[#This Row],[不包含獎懲總分]]>=70,"C", IF(表格1_6[[#This Row],[不包含獎懲總分]]>=60,"D","E")))) -> #DIV/0! | I44: =_xlfn.RANK.EQ(G44,$G$2:$G$146,0) -> #DIV/0! | J44: =IF( AND(M44<>"",N44<>"",O44<>""), M44*20% + N44*50% + O44*30%, IF( AND(M44<>"",N44="",O44=""), M44, IF( AND(M44="",N44<>"",O44=""), N44, IF( AND(M44="",N44="",O44<>""), O44, IF( AND(M44<>"",N44<>"",O44=""), M44/(20%+50%)*20% + N44/(20%+50%)*50%, IF( AND(M44<>"",N44="",O44<>""), M44/(20%+30%)*20% + O44/(20%+30%)*30%, IF( AND(M44="",N44<>"",O44<>""), N44/(50%+30%)*50% + O44/(50%+30%)*30%, "" ) ) ) ) ) ) + V44 )+3 -> #DIV/0! | K44: =IF(J44>=90,"A", IF(J44>=80,"B", IF(J44>=70,"C", IF(J44>=60,"D","E")))) -> #DIV/0! | L44: =_xlfn.RANK.EQ(J44,$J$2:$J$146,0) -> #DIV/0! | M44: =表格1_3[[#This Row],[部內平均]] -> #DIV/0! | N44: =表格1_3[[#This Row],[共評平均]] -> #DIV/0! | O44: 76 | W44: 76 | X44: 42
A45: ✓✓ | B45: 2911 | C45: 孫素琴 | D45: 財務部 | E45: 會計人員 | F45: 陳佳倫 | G45: =表格1_6[[#This Row],[加權後總分]]-表格1_6[[#This Row],[獎懲分數]] -> #DIV/0! | H45: =IF(表格1_6[[#This Row],[不包含獎懲總分]]>=90,"A", IF(表格1_6[[#This Row],[不包含獎懲總分]]>=80,"B", IF(表格1_6[[#This Row],[不包含獎懲總分]]>=70,"C", IF(表格1_6[[#This Row],[不包含獎懲總分]]>=60,"D","E")))) -> #DIV/0! | I45: =_xlfn.RANK.EQ(G45,$G$2:$G$146,0) -> #DIV/0! | J45: =IF( AND(M45<>"",N45<>"",O45<>""), M45*20% + N45*50% + O45*30%, IF( AND(M45<>"",N45="",O45=""), M45, IF( AND(M45="",N45<>"",O45=""), N45, IF( AND(M45="",N45="",O45<>""), O45, IF( AND(M45<>"",N45<>"",O45=""), M45/(20%+50%)*20% + N45/(20%+50%)*50%, IF( AND(M45<>"",N45="",O45<>""), M45/(20%+30%)*20% + O45/(20%+30%)*30%, IF( AND(M45="",N45<>"",O45<>""), N45/(50%+30%)*50% + O45/(50%+30%)*30%, "" ) ) ) ) ) ) + V45 ) -> #DIV/0! | K45: =IF(J45>=90,"A", IF(J45>=80,"B", IF(J45>=70,"C", IF(J45>=60,"D","E")))) -> #DIV/0! | L45: =_xlfn.RANK.EQ(J45,$J$2:$J$146,0) -> #DIV/0! | M45: =表格1_3[[#This Row],[部內平均]] -> #DIV/0! | N45: =表格1_3[[#This Row],[共評平均]] -> #DIV/0! | O45: 85 | W45: 76 | X45: 43
A46: ✓✓ | B46: 2934 | C46: 陳俐秀 | D46: 財務部 | E46: 課長 | F46: 陳佳倫 | G46: =表格1_6[[#This Row],[加權後總分]] -> #DIV/0! | H46: =IF(表格1_6[[#This Row],[不包含獎懲總分]]>=90,"A", IF(表格1_6[[#This Row],[不包含獎懲總分]]>=80,"B", IF(表格1_6[[#This Row],[不包含獎懲總分]]>=70,"C", IF(表格1_6[[#This Row],[不包含獎懲總分]]>=60,"D","E")))) -> #DIV/0! | I46: =_xlfn.RANK.EQ(G46,$G$2:$G$146,0) -> #DIV/0! | J46: =IF( AND(M46<>"",N46<>"",O46<>""), M46*20% + N46*50% + O46*30%, IF( AND(M46<>"",N46="",O46=""), M46, IF( AND(M46="",N46<>"",O46=""), N46, IF( AND(M46="",N46="",O46<>""), O46, IF( AND(M46<>"",N46<>"",O46=""), M46/(20%+50%)*20% + N46/(20%+50%)*50%, IF( AND(M46<>"",N46="",O46<>""), M46/(20%+30%)*20% + O46/(20%+30%)*30%, IF( AND(M46="",N46<>"",O46<>""), N46/(50%+30%)*50% + O46/(50%+30%)*30%, "" ) ) ) ) ) ) )+表格1_6[[#This Row],[獎懲分數]] -> #DIV/0! | K46: =IF(J46>=90,"A", IF(J46>=80,"B", IF(J46>=70,"C", IF(J46>=60,"D","E")))) -> #DIV/0! | L46: =_xlfn.RANK.EQ(J46,$J$2:$J$146,0) -> #DIV/0! | M46: =表格1_3[[#This Row],[部內平均]] -> #DIV/0! | N46: =表格1_3[[#This Row],[共評平均]] -> #DIV/0! | O46: 77.2 | V46: -10 | W46: 75.9 | X46: 44
A47: ✓✓ | B47: 2938 | C47: 陳燕華 | D47: 財務部 | E47: 會計人員 | F47: 陳佳倫 | G47: =表格1_6[[#This Row],[加權後總分]]-表格1_6[[#This Row],[獎懲分數]] -> #DIV/0! | H47: =IF(表格1_6[[#This Row],[不包含獎懲總分]]>=90,"A", IF(表格1_6[[#This Row],[不包含獎懲總分]]>=80,"B", IF(表格1_6[[#This Row],[不包含獎懲總分]]>=70,"C", IF(表格1_6[[#This Row],[不包含獎懲總分]]>=60,"D","E")))) -> #DIV/0! | I47: =_xlfn.RANK.EQ(G47,$G$2:$G$146,0) -> #DIV/0! | J47: =IF( AND(M47<>"",N47<>"",O47<>""), M47*20% + N47*50% + O47*30%, IF( AND(M47<>"",N47="",O47=""), M47, IF( AND(M47="",N47<>"",O47=""), N47, IF( AND(M47="",N47="",O47<>""), O47, IF( AND(M47<>"",N47<>"",O47=""), M47/(20%+50%)*20% + N47/(20%+50%)*50%, IF( AND(M47<>"",N47="",O47<>""), M47/(20%+30%)*20% + O47/(20%+30%)*30%, IF( AND(M47="",N47<>"",O47<>""), N47/(50%+30%)*50% + O47/(50%+30%)*30%, "" ) ) ) ) ) ) + V47 ) -> #DIV/0! | K47: =IF(J47>=90,"A", IF(J47>=80,"B", IF(J47>=70,"C", IF(J47>=60,"D","E")))) -> #DIV/0! | L47: =_xlfn.RANK.EQ(J47,$J$2:$J$146,0) -> #DIV/0! | M47: =表格1_3[[#This Row],[部內平均]] -> #DIV/0! | N47: =表格1_3[[#This Row],[共評平均]] -> #DIV/0! | O47: 71 | W47: 75.85 | X47: 45
A48: 新人 | B48: 3008 | C48: 于宗訓 | D48: 財務部 | E48: 會計人員 | F48: 陳俐秀 | H48: =IF(表格1_6[[#This Row],[不包含獎懲總分]]>=90,"A", IF(表格1_6[[#This Row],[不包含獎懲總分]]>=80,"B", IF(表格1_6[[#This Row],[不包含獎懲總分]]>=70,"C", IF(表格1_6[[#This Row],[不包含獎懲總分]]>=60,"D","E")))) -> E | I48: =_xlfn.RANK.EQ(G48,$G$2:$G$146,0) -> #DIV/0! | M48: =表格1_3[[#This Row],[部內平均]] -> #DIV/0! | N48: =表格1_3[[#This Row],[共評平均]] -> #DIV/0! | O48: =表格1_3[[#This Row],[複評平均]] -> #DIV/0! | W48: 75.8 | X48: 46
A49: ✓✓ | B49: 3011 | C49: 尤(禾云)棠 | D49: 資材課 | E49: 採購助理 | F49: 王秀雯 | G49: =表格1_6[[#This Row],[加權後總分]]-表格1_6[[#This Row],[獎懲分數]] -> #DIV/0! | H49: =IF(表格1_6[[#This Row],[不包含獎懲總分]]>=90,"A", IF(表格1_6[[#This Row],[不包含獎懲總分]]>=80,"B", IF(表格1_6[[#This Row],[不包含獎懲總分]]>=70,"C", IF(表格1_6[[#This Row],[不包含獎懲總分]]>=60,"D","E")))) -> #DIV/0! | I49: =_xlfn.RANK.EQ(G49,$G$2:$G$146,0) -> #DIV/0! | J49: =IF( AND(M49<>"",N49<>"",O49<>""), M49*20% + N49*50% + O49*30%, IF( AND(M49<>"",N49="",O49=""), M49, IF( AND(M49="",N49<>"",O49=""), N49, IF( AND(M49="",N49="",O49<>""), O49, IF( AND(M49<>"",N49<>"",O49=""), M49/(20%+50%)*20% + N49/(20%+50%)*50%, IF( AND(M49<>"",N49="",O49<>""), M49/(20%+30%)*20% + O49/(20%+30%)*30%, IF( AND(M49="",N49<>"",O49<>""), N49/(50%+30%)*50% + O49/(50%+30%)*30%, "" ) ) ) ) ) ) + V49 ) -> #DIV/0! | K49: =IF(J49>=90,"A", IF(J49>=80,"B", IF(J49>=70,"C", IF(J49>=60,"D","E")))) -> #DIV/0! | L49: =_xlfn.RANK.EQ(J49,$J$2:$J$146,0) -> #DIV/0! | M49: =表格1_3[[#This Row],[部內平均]] -> #DIV/0! | N49: =表格1_3[[#This Row],[共評平均]] -> #DIV/0! | O49: =表格1_3[[#This Row],[複評平均]] -> #DIV/0! | W49: 75.8 | X49: 47
A50: 外配 | B50: 2954 | C50: 傅文成 | D50: 資材課 | E50: 技術員 | F50: 白惇維 | G50: =表格1_6[[#This Row],[加權後總分]]-表格1_6[[#This Row],[獎懲分數]] -> #DIV/0! | H50: =IF(表格1_6[[#This Row],[不包含獎懲總分]]>=90,"A", IF(表格1_6[[#This Row],[不包含獎懲總分]]>=80,"B", IF(表格1_6[[#This Row],[不包含獎懲總分]]>=70,"C", IF(表格1_6[[#This Row],[不包含獎懲總分]]>=60,"D","E")))) -> #DIV/0! | I50: =_xlfn.RANK.EQ(G50,$G$2:$G$146,0) -> #DIV/0! | J50: =IF( AND(M50<>"",N50<>"",O50<>""), M50*20% + N50*50% + O50*30%, IF( AND(M50<>"",N50="",O50=""), M50, IF( AND(M50="",N50<>"",O50=""), N50, IF( AND(M50="",N50="",O50<>""), O50, IF( AND(M50<>"",N50<>"",O50=""), M50/(20%+50%)*20% + N50/(20%+50%)*50%, IF( AND(M50<>"",N50="",O50<>""), M50/(20%+30%)*20% + O50/(20%+30%)*30%, IF( AND(M50="",N50<>"",O50<>""), N50/(50%+30%)*50% + O50/(50%+30%)*30%, "" ) ) ) ) ) ) + V50 ) -> #DIV/0! | K50: =IF(J50>=90,"A", IF(J50>=80,"B", IF(J50>=70,"C", IF(J50>=60,"D","E")))) -> #DIV/0! | L50: =_xlfn.RANK.EQ(J50,$J$2:$J$146,0) -> #DIV/0! | M50: =表格1_3[[#This Row],[部內平均]] -> #DIV/0! | N50: =表格1_3[[#This Row],[共評平均]] -> #DIV/0! | O50: =表格1_3[[#This Row],[複評平均]] -> #DIV/0! | W50: 75.7 | X50: 48
